1	test	100	CBTh	in-word	0.4389
1	test	100	CBTh	next-word	0.425
1	test	100	RBTh	in-word	0.4645
1	test	100	RBTh	next-word	0.4451
1	test	100	CPBTh	in-word	0.4749
1	test	100	CPBTh	next-word	0.457
1	test	100	RPBTh	in-word	0.5088
1	test	100	RPBTh	next-word	0.4645
1	test	100	STSTh	in-word	0.4883
1	test	100	STSTh	next-word	0.4617
1	test	101	CBTh	in-word	0.4529
1	test	101	CBTh	next-word	0.4351
1	test	101	RBTh	in-word	0.5083
1	test	101	RBTh	next-word	0.4383
1	test	101	CPBTh	in-word	0.4344
1	test	101	CPBTh	next-word	0.4437
1	test	101	RPBTh	in-word	0.4851
1	test	101	RPBTh	next-word	0.4972
1	test	101	STSTh	in-word	0.4844
1	test	101	STSTh	next-word	0.474
1	test	102	CBTh	in-word	0.4817
1	test	102	CBTh	next-word	0.4276
1	test	102	RBTh	in-word	0.4837
1	test	102	RBTh	next-word	0.471
1	test	102	CPBTh	in-word	0.5115
1	test	102	CPBTh	next-word	0.4066
1	test	102	RPBTh	in-word	0.517
1	test	102	RPBTh	next-word	0.4663
1	test	102	STSTh	in-word	0.5125
1	test	102	STSTh	next-word	0.4454
1	test	103	CBTh	in-word	0.4884
1	test	103	CBTh	next-word	0.4658
1	test	103	RBTh	in-word	0.5109
1	test	103	RBTh	next-word	0.4996
1	test	103	CPBTh	in-word	0.4752
1	test	103	CPBTh	next-word	0.4564
1	test	103	RPBTh	in-word	0.5084
1	test	103	RPBTh	next-word	0.4807
1	test	103	STSTh	in-word	0.5163
1	test	103	STSTh	next-word	0.462
1	test	104	CBTh	in-word	0.4925
1	test	104	CBTh	next-word	0.4658
1	test	104	RBTh	in-word	0.5046
1	test	104	RBTh	next-word	0.4928
1	test	104	CPBTh	in-word	0.4927
1	test	104	CPBTh	next-word	0.4546
1	test	104	RPBTh	in-word	0.5382
1	test	104	RPBTh	next-word	0.4848
1	test	104	STSTh	in-word	0.5139
1	test	104	STSTh	next-word	0.4739
1	test	105	CBTh	in-word	0.4751
1	test	105	CBTh	next-word	0.4284
1	test	105	RBTh	in-word	0.4795
1	test	105	RBTh	next-word	0.4478
1	test	105	CPBTh	in-word	0.4823
1	test	105	CPBTh	next-word	0.4533
1	test	105	RPBTh	in-word	0.4536
1	test	105	RPBTh	next-word	0.5015
1	test	105	STSTh	in-word	0.5334
1	test	105	STSTh	next-word	0.4729
1	test	106	CBTh	in-word	0.4899
1	test	106	CBTh	next-word	0.447
1	test	106	RBTh	in-word	0.533
1	test	106	RBTh	next-word	0.4694
1	test	106	CPBTh	in-word	0.4737
1	test	106	CPBTh	next-word	0.4366
1	test	106	RPBTh	in-word	0.4931
1	test	106	RPBTh	next-word	0.4799
1	test	106	STSTh	in-word	0.5432
1	test	106	STSTh	next-word	0.4661
1	test	107	CBTh	in-word	0.5416
1	test	107	CBTh	next-word	0.4178
1	test	107	RBTh	in-word	0.5242
1	test	107	RBTh	next-word	0.4834
1	test	107	CPBTh	in-word	0.5168
1	test	107	CPBTh	next-word	0.4396
1	test	107	RPBTh	in-word	0.4953
1	test	107	RPBTh	next-word	0.4892
1	test	107	STSTh	in-word	0.5433
1	test	107	STSTh	next-word	0.4701
1	test	108	CBTh	in-word	0.4724
1	test	108	CBTh	next-word	0.4895
1	test	108	RBTh	in-word	0.5449
1	test	108	RBTh	next-word	0.4664
1	test	108	CPBTh	in-word	0.4898
1	test	108	CPBTh	next-word	0.459
1	test	108	RPBTh	in-word	0.5455
1	test	108	RPBTh	next-word	0.4976
1	test	108	STSTh	in-word	0.5451
1	test	108	STSTh	next-word	0.4818
1	test	109	CBTh	in-word	0.4969
1	test	109	CBTh	next-word	0.468
1	test	109	RBTh	in-word	0.5518
1	test	109	RBTh	next-word	0.4872
1	test	109	CPBTh	in-word	0.5377
1	test	109	CPBTh	next-word	0.4605
1	test	109	RPBTh	in-word	0.5565
1	test	109	RPBTh	next-word	0.509
1	test	109	STSTh	in-word	0.5433
1	test	109	STSTh	next-word	0.4808
2	test	100	CBTh	in-word	0.4621
2	test	100	CBTh	next-word	0.4469
2	test	100	RBTh	in-word	0.5392
2	test	100	RBTh	next-word	0.4975
2	test	100	CPBTh	in-word	0.4975
2	test	100	CPBTh	next-word	0.4348
2	test	100	RPBTh	in-word	0.5
2	test	100	RPBTh	next-word	0.4863
2	test	100	STSTh	in-word	0.5011
2	test	100	STSTh	next-word	0.4815
2	test	101	CBTh	in-word	0.4905
2	test	101	CBTh	next-word	0.4643
2	test	101	RBTh	in-word	0.5364
2	test	101	RBTh	next-word	0.4743
2	test	101	CPBTh	in-word	0.4651
2	test	101	CPBTh	next-word	0.4525
2	test	101	RPBTh	in-word	0.5427
2	test	101	RPBTh	next-word	0.4853
2	test	101	STSTh	in-word	0.5194
2	test	101	STSTh	next-word	0.4711
2	test	102	CBTh	in-word	0.4713
2	test	102	CBTh	next-word	0.4464
2	test	102	RBTh	in-word	0.5318
2	test	102	RBTh	next-word	0.4679
2	test	102	CPBTh	in-word	0.5294
2	test	102	CPBTh	next-word	0.4939
2	test	102	RPBTh	in-word	0.5687
2	test	102	RPBTh	next-word	0.4718
2	test	102	STSTh	in-word	0.5652
2	test	102	STSTh	next-word	0.4856
2	test	103	CBTh	in-word	0.5018
2	test	103	CBTh	next-word	0.4718
2	test	103	RBTh	in-word	0.5245
2	test	103	RBTh	next-word	0.5035
2	test	103	CPBTh	in-word	0.5316
2	test	103	CPBTh	next-word	0.4748
2	test	103	RPBTh	in-word	0.5359
2	test	103	RPBTh	next-word	0.4931
2	test	103	STSTh	in-word	0.5318
2	test	103	STSTh	next-word	0.4997
2	test	104	CBTh	in-word	0.4817
2	test	104	CBTh	next-word	0.47
2	test	104	RBTh	in-word	0.5168
2	test	104	RBTh	next-word	0.4714
2	test	104	CPBTh	in-word	0.5405
2	test	104	CPBTh	next-word	0.4697
2	test	104	RPBTh	in-word	0.5583
2	test	104	RPBTh	next-word	0.4867
2	test	104	STSTh	in-word	0.5318
2	test	104	STSTh	next-word	0.4842
2	test	105	CBTh	in-word	0.5144
2	test	105	CBTh	next-word	0.4879
2	test	105	RBTh	in-word	0.589
2	test	105	RBTh	next-word	0.4879
2	test	105	CPBTh	in-word	0.5347
2	test	105	CPBTh	next-word	0.5115
2	test	105	RPBTh	in-word	0.5649
2	test	105	RPBTh	next-word	0.5114
2	test	105	STSTh	in-word	0.5384
2	test	105	STSTh	next-word	0.5024
2	test	106	CBTh	in-word	0.4946
2	test	106	CBTh	next-word	0.4587
2	test	106	RBTh	in-word	0.5252
2	test	106	RBTh	next-word	0.5018
2	test	106	CPBTh	in-word	0.558
2	test	106	CPBTh	next-word	0.4906
2	test	106	RPBTh	in-word	0.5511
2	test	106	RPBTh	next-word	0.4813
2	test	106	STSTh	in-word	0.5338
2	test	106	STSTh	next-word	0.4934
2	test	107	CBTh	in-word	0.5035
2	test	107	CBTh	next-word	0.4959
2	test	107	RBTh	in-word	0.5604
2	test	107	RBTh	next-word	0.4718
2	test	107	CPBTh	in-word	0.541
2	test	107	CPBTh	next-word	0.4809
2	test	107	RPBTh	in-word	0.5537
2	test	107	RPBTh	next-word	0.482
2	test	107	STSTh	in-word	0.5474
2	test	107	STSTh	next-word	0.4747
2	test	108	CBTh	in-word	0.5243
2	test	108	CBTh	next-word	0.4876
2	test	108	RBTh	in-word	0.5694
2	test	108	RBTh	next-word	0.4665
2	test	108	CPBTh	in-word	0.5388
2	test	108	CPBTh	next-word	0.5
2	test	108	RPBTh	in-word	0.5638
2	test	108	RPBTh	next-word	0.4773
2	test	108	STSTh	in-word	0.5656
2	test	108	STSTh	next-word	0.4748
2	test	109	CBTh	in-word	0.4976
2	test	109	CBTh	next-word	0.4813
2	test	109	RBTh	in-word	0.5467
2	test	109	RBTh	next-word	0.4952
2	test	109	CPBTh	in-word	0.5284
2	test	109	CPBTh	next-word	0.4975
2	test	109	RPBTh	in-word	0.5839
2	test	109	RPBTh	next-word	0.4853
2	test	109	STSTh	in-word	0.5705
2	test	109	STSTh	next-word	0.505
3	test	100	CBTh	in-word	0.5053
3	test	100	CBTh	next-word	0.4118
3	test	100	RBTh	in-word	0.5318
3	test	100	RBTh	next-word	0.4617
3	test	100	CPBTh	in-word	0.4831
3	test	100	CPBTh	next-word	0.4216
3	test	100	RPBTh	in-word	0.5047
3	test	100	RPBTh	next-word	0.4671
3	test	100	STSTh	in-word	0.5247
3	test	100	STSTh	next-word	0.4518
3	test	101	CBTh	in-word	0.4485
3	test	101	CBTh	next-word	0.4271
3	test	101	RBTh	in-word	0.4745
3	test	101	RBTh	next-word	0.4693
3	test	101	CPBTh	in-word	0.4821
3	test	101	CPBTh	next-word	0.4079
3	test	101	RPBTh	in-word	0.4808
3	test	101	RPBTh	next-word	0.4909
3	test	101	STSTh	in-word	0.5296
3	test	101	STSTh	next-word	0.4568
3	test	102	CBTh	in-word	0.5138
3	test	102	CBTh	next-word	0.4695
3	test	102	RBTh	in-word	0.5351
3	test	102	RBTh	next-word	0.453
3	test	102	CPBTh	in-word	0.529
3	test	102	CPBTh	next-word	0.4588
3	test	102	RPBTh	in-word	0.5521
3	test	102	RPBTh	next-word	0.4614
3	test	102	STSTh	in-word	0.5174
3	test	102	STSTh	next-word	0.493
3	test	103	CBTh	in-word	0.5314
3	test	103	CBTh	next-word	0.4473
3	test	103	RBTh	in-word	0.5001
3	test	103	RBTh	next-word	0.4719
3	test	103	CPBTh	in-word	0.5197
3	test	103	CPBTh	next-word	0.4591
3	test	103	RPBTh	in-word	0.4918
3	test	103	RPBTh	next-word	0.4823
3	test	103	STSTh	in-word	0.5103
3	test	103	STSTh	next-word	0.4732
3	test	104	CBTh	in-word	0.5327
3	test	104	CBTh	next-word	0.4622
3	test	104	RBTh	in-word	0.5793
3	test	104	RBTh	next-word	0.4925
3	test	104	CPBTh	in-word	0.5491
3	test	104	CPBTh	next-word	0.4732
3	test	104	RPBTh	in-word	0.5399
3	test	104	RPBTh	next-word	0.5161
3	test	104	STSTh	in-word	0.5647
3	test	104	STSTh	next-word	0.4948
3	test	105	CBTh	in-word	0.5019
3	test	105	CBTh	next-word	0.481
3	test	105	RBTh	in-word	0.5481
3	test	105	RBTh	next-word	0.4833
3	test	105	CPBTh	in-word	0.5434
3	test	105	CPBTh	next-word	0.478
3	test	105	RPBTh	in-word	0.5446
3	test	105	RPBTh	next-word	0.5254
3	test	105	STSTh	in-word	0.5585
3	test	105	STSTh	next-word	0.4885
3	test	106	CBTh	in-word	0.5164
3	test	106	CBTh	next-word	0.5045
3	test	106	RBTh	in-word	0.5609
3	test	106	RBTh	next-word	0.4663
3	test	106	CPBTh	in-word	0.484
3	test	106	CPBTh	next-word	0.5214
3	test	106	RPBTh	in-word	0.5597
3	test	106	RPBTh	next-word	0.475
3	test	106	STSTh	in-word	0.5568
3	test	106	STSTh	next-word	0.508
3	test	107	CBTh	in-word	0.5398
3	test	107	CBTh	next-word	0.4478
3	test	107	RBTh	in-word	0.5554
3	test	107	RBTh	next-word	0.4976
3	test	107	CPBTh	in-word	0.5591
3	test	107	CPBTh	next-word	0.4909
3	test	107	RPBTh	in-word	0.5268
3	test	107	RPBTh	next-word	0.5193
3	test	107	STSTh	in-word	0.5578
3	test	107	STSTh	next-word	0.5092
3	test	108	CBTh	in-word	0.5393
3	test	108	CBTh	next-word	0.4963
3	test	108	RBTh	in-word	0.5466
3	test	108	RBTh	next-word	0.4967
3	test	108	CPBTh	in-word	0.5374
3	test	108	CPBTh	next-word	0.4985
3	test	108	RPBTh	in-word	0.5545
3	test	108	RPBTh	next-word	0.4895
3	test	108	STSTh	in-word	0.568
3	test	108	STSTh	next-word	0.4961
3	test	109	CBTh	in-word	0.5087
3	test	109	CBTh	next-word	0.4748
3	test	109	RBTh	in-word	0.5513
3	test	109	RBTh	next-word	0.4989
3	test	109	CPBTh	in-word	0.5726
3	test	109	CPBTh	next-word	0.4931
3	test	109	RPBTh	in-word	0.5494
3	test	109	RPBTh	next-word	0.4935
3	test	109	STSTh	in-word	0.5793
3	test	109	STSTh	next-word	0.4892
4	test	100	CBTh	in-word	0.5348
4	test	100	CBTh	next-word	0.3851
4	test	100	RBTh	in-word	0.5045
4	test	100	RBTh	next-word	0.4545
4	test	100	CPBTh	in-word	0.5142
4	test	100	CPBTh	next-word	0.4412
4	test	100	RPBTh	in-word	0.4932
4	test	100	RPBTh	next-word	0.486
4	test	100	STSTh	in-word	0.5183
4	test	100	STSTh	next-word	0.4729
4	test	101	CBTh	in-word	0.5262
4	test	101	CBTh	next-word	0.4098
4	test	101	RBTh	in-word	0.5529
4	test	101	RBTh	next-word	0.4373
4	test	101	CPBTh	in-word	0.5633
4	test	101	CPBTh	next-word	0.44
4	test	101	RPBTh	in-word	0.5435
4	test	101	RPBTh	next-word	0.4632
4	test	101	STSTh	in-word	0.5497
4	test	101	STSTh	next-word	0.4739
4	test	102	CBTh	in-word	0.5359
4	test	102	CBTh	next-word	0.4708
4	test	102	RBTh	in-word	0.5636
4	test	102	RBTh	next-word	0.4757
4	test	102	CPBTh	in-word	0.5496
4	test	102	CPBTh	next-word	0.4806
4	test	102	RPBTh	in-word	0.5681
4	test	102	RPBTh	next-word	0.4653
4	test	102	STSTh	in-word	0.5606
4	test	102	STSTh	next-word	0.4816
4	test	103	CBTh	in-word	0.5317
4	test	103	CBTh	next-word	0.4616
4	test	103	RBTh	in-word	0.5321
4	test	103	RBTh	next-word	0.4614
4	test	103	CPBTh	in-word	0.5463
4	test	103	CPBTh	next-word	0.4623
4	test	103	RPBTh	in-word	0.5585
4	test	103	RPBTh	next-word	0.4848
4	test	103	STSTh	in-word	0.5476
4	test	103	STSTh	next-word	0.508
4	test	104	CBTh	in-word	0.5443
4	test	104	CBTh	next-word	0.4669
4	test	104	RBTh	in-word	0.5477
4	test	104	RBTh	next-word	0.4328
4	test	104	CPBTh	in-word	0.5649
4	test	104	CPBTh	next-word	0.4488
4	test	104	RPBTh	in-word	0.5748
4	test	104	RPBTh	next-word	0.4405
4	test	104	STSTh	in-word	0.5881
4	test	104	STSTh	next-word	0.4634
4	test	105	CBTh	in-word	0.5446
4	test	105	CBTh	next-word	0.4637
4	test	105	RBTh	in-word	0.5408
4	test	105	RBTh	next-word	0.4426
4	test	105	CPBTh	in-word	0.5497
4	test	105	CPBTh	next-word	0.4648
4	test	105	RPBTh	in-word	0.5385
4	test	105	RPBTh	next-word	0.4597
4	test	105	STSTh	in-word	0.5443
4	test	105	STSTh	next-word	0.4842
4	test	106	CBTh	in-word	0.5522
4	test	106	CBTh	next-word	0.4785
4	test	106	RBTh	in-word	0.5748
4	test	106	RBTh	next-word	0.4529
4	test	106	CPBTh	in-word	0.5218
4	test	106	CPBTh	next-word	0.505
4	test	106	RPBTh	in-word	0.5438
4	test	106	RPBTh	next-word	0.4463
4	test	106	STSTh	in-word	0.5329
4	test	106	STSTh	next-word	0.4844
4	test	107	CBTh	in-word	0.5519
4	test	107	CBTh	next-word	0.4622
4	test	107	RBTh	in-word	0.5442
4	test	107	RBTh	next-word	0.4708
4	test	107	CPBTh	in-word	0.5229
4	test	107	CPBTh	next-word	0.5038
4	test	107	RPBTh	in-word	0.5489
4	test	107	RPBTh	next-word	0.4924
4	test	107	STSTh	in-word	0.5511
4	test	107	STSTh	next-word	0.4732
4	test	108	CBTh	in-word	0.5408
4	test	108	CBTh	next-word	0.4953
4	test	108	RBTh	in-word	0.582
4	test	108	RBTh	next-word	0.4706
4	test	108	CPBTh	in-word	0.5681
4	test	108	CPBTh	next-word	0.4762
4	test	108	RPBTh	in-word	0.5662
4	test	108	RPBTh	next-word	0.4717
4	test	108	STSTh	in-word	0.5868
4	test	108	STSTh	next-word	0.4926
4	test	109	CBTh	in-word	0.5543
4	test	109	CBTh	next-word	0.5017
4	test	109	RBTh	in-word	0.5641
4	test	109	RBTh	next-word	0.4739
4	test	109	CPBTh	in-word	0.5557
4	test	109	CPBTh	next-word	0.5117
4	test	109	RPBTh	in-word	0.5604
4	test	109	RPBTh	next-word	0.4763
4	test	109	STSTh	in-word	0.5792
4	test	109	STSTh	next-word	0.4961
5	test	100	CBTh	in-word	0.4211
5	test	100	CBTh	next-word	0.3978
5	test	100	RBTh	in-word	0.4706
5	test	100	RBTh	next-word	0.4278
5	test	100	CPBTh	in-word	0.444
5	test	100	CPBTh	next-word	0.3965
5	test	100	RPBTh	in-word	0.4629
5	test	100	RPBTh	next-word	0.4393
5	test	100	STSTh	in-word	0.4633
5	test	100	STSTh	next-word	0.4503
5	test	101	CBTh	in-word	0.4259
5	test	101	CBTh	next-word	0.4262
5	test	101	RBTh	in-word	0.4773
5	test	101	RBTh	next-word	0.4203
5	test	101	CPBTh	in-word	0.4627
5	test	101	CPBTh	next-word	0.4427
5	test	101	RPBTh	in-word	0.504
5	test	101	RPBTh	next-word	0.4262
5	test	101	STSTh	in-word	0.4741
5	test	101	STSTh	next-word	0.4541
5	test	102	CBTh	in-word	0.4321
5	test	102	CBTh	next-word	0.4092
5	test	102	RBTh	in-word	0.4688
5	test	102	RBTh	next-word	0.4343
5	test	102	CPBTh	in-word	0.4801
5	test	102	CPBTh	next-word	0.475
5	test	102	RPBTh	in-word	0.4791
5	test	102	RPBTh	next-word	0.4611
5	test	102	STSTh	in-word	0.4705
5	test	102	STSTh	next-word	0.4738
5	test	103	CBTh	in-word	0.462
5	test	103	CBTh	next-word	0.4265
5	test	103	RBTh	in-word	0.4648
5	test	103	RBTh	next-word	0.4641
5	test	103	CPBTh	in-word	0.4868
5	test	103	CPBTh	next-word	0.4388
5	test	103	RPBTh	in-word	0.4732
5	test	103	RPBTh	next-word	0.4431
5	test	103	STSTh	in-word	0.4773
5	test	103	STSTh	next-word	0.4559
5	test	104	CBTh	in-word	0.492
5	test	104	CBTh	next-word	0.4778
5	test	104	RBTh	in-word	0.5053
5	test	104	RBTh	next-word	0.484
5	test	104	CPBTh	in-word	0.5243
5	test	104	CPBTh	next-word	0.4564
5	test	104	RPBTh	in-word	0.5087
5	test	104	RPBTh	next-word	0.4772
5	test	104	STSTh	in-word	0.5136
5	test	104	STSTh	next-word	0.4999
5	test	105	CBTh	in-word	0.4625
5	test	105	CBTh	next-word	0.4341
5	test	105	RBTh	in-word	0.5
5	test	105	RBTh	next-word	0.453
5	test	105	CPBTh	in-word	0.5182
5	test	105	CPBTh	next-word	0.4581
5	test	105	RPBTh	in-word	0.4947
5	test	105	RPBTh	next-word	0.4658
5	test	105	STSTh	in-word	0.4967
5	test	105	STSTh	next-word	0.4824
5	test	106	CBTh	in-word	0.4641
5	test	106	CBTh	next-word	0.4647
5	test	106	RBTh	in-word	0.5199
5	test	106	RBTh	next-word	0.4365
5	test	106	CPBTh	in-word	0.482
5	test	106	CPBTh	next-word	0.4446
5	test	106	RPBTh	in-word	0.5047
5	test	106	RPBTh	next-word	0.4179
5	test	106	STSTh	in-word	0.5098
5	test	106	STSTh	next-word	0.4768
5	test	107	CBTh	in-word	0.4887
5	test	107	CBTh	next-word	0.4671
5	test	107	RBTh	in-word	0.4772
5	test	107	RBTh	next-word	0.4765
5	test	107	CPBTh	in-word	0.495
5	test	107	CPBTh	next-word	0.4308
5	test	107	RPBTh	in-word	0.4819
5	test	107	RPBTh	next-word	0.4714
5	test	107	STSTh	in-word	0.5039
5	test	107	STSTh	next-word	0.4619
5	test	108	CBTh	in-word	0.4887
5	test	108	CBTh	next-word	0.506
5	test	108	RBTh	in-word	0.5015
5	test	108	RBTh	next-word	0.5067
5	test	108	CPBTh	in-word	0.5088
5	test	108	CPBTh	next-word	0.4806
5	test	108	RPBTh	in-word	0.5124
5	test	108	RPBTh	next-word	0.4933
5	test	108	STSTh	in-word	0.4959
5	test	108	STSTh	next-word	0.4893
5	test	109	CBTh	in-word	0.499
5	test	109	CBTh	next-word	0.4716
5	test	109	RBTh	in-word	0.5503
5	test	109	RBTh	next-word	0.5452
5	test	109	CPBTh	in-word	0.5008
5	test	109	CPBTh	next-word	0.47
5	test	109	RPBTh	in-word	0.5481
5	test	109	RPBTh	next-word	0.4594
5	test	109	STSTh	in-word	0.5307
5	test	109	STSTh	next-word	0.4626
6	test	100	CBTh	in-word	0.3965
6	test	100	CBTh	next-word	0.3432
6	test	100	RBTh	in-word	0.4204
6	test	100	RBTh	next-word	0.4406
6	test	100	CPBTh	in-word	0.4492
6	test	100	CPBTh	next-word	0.3744
6	test	100	RPBTh	in-word	0.4668
6	test	100	RPBTh	next-word	0.4594
6	test	100	STSTh	in-word	0.4616
6	test	100	STSTh	next-word	0.4213
6	test	101	CBTh	in-word	0.3848
6	test	101	CBTh	next-word	0.3642
6	test	101	RBTh	in-word	0.4614
6	test	101	RBTh	next-word	0.4344
6	test	101	CPBTh	in-word	0.4207
6	test	101	CPBTh	next-word	0.3654
6	test	101	RPBTh	in-word	0.4633
6	test	101	RPBTh	next-word	0.4326
6	test	101	STSTh	in-word	0.4229
6	test	101	STSTh	next-word	0.415
6	test	102	CBTh	in-word	0.3934
6	test	102	CBTh	next-word	0.3546
6	test	102	RBTh	in-word	0.4753
6	test	102	RBTh	next-word	0.4441
6	test	102	CPBTh	in-word	0.4619
6	test	102	CPBTh	next-word	0.4255
6	test	102	RPBTh	in-word	0.5089
6	test	102	RPBTh	next-word	0.4627
6	test	102	STSTh	in-word	0.4677
6	test	102	STSTh	next-word	0.4458
6	test	103	CBTh	in-word	0.4077
6	test	103	CBTh	next-word	0.3966
6	test	103	RBTh	in-word	0.4627
6	test	103	RBTh	next-word	0.4566
6	test	103	CPBTh	in-word	0.4974
6	test	103	CPBTh	next-word	0.3969
6	test	103	RPBTh	in-word	0.4775
6	test	103	RPBTh	next-word	0.4319
6	test	103	STSTh	in-word	0.4876
6	test	103	STSTh	next-word	0.4366
6	test	104	CBTh	in-word	0.4476
6	test	104	CBTh	next-word	0.3871
6	test	104	RBTh	in-word	0.4867
6	test	104	RBTh	next-word	0.4289
6	test	104	CPBTh	in-word	0.4641
6	test	104	CPBTh	next-word	0.415
6	test	104	RPBTh	in-word	0.5019
6	test	104	RPBTh	next-word	0.4563
6	test	104	STSTh	in-word	0.4636
6	test	104	STSTh	next-word	0.4417
6	test	105	CBTh	in-word	0.43
6	test	105	CBTh	next-word	0.3936
6	test	105	RBTh	in-word	0.4243
6	test	105	RBTh	next-word	0.4682
6	test	105	CPBTh	in-word	0.443
6	test	105	CPBTh	next-word	0.4232
6	test	105	RPBTh	in-word	0.4902
6	test	105	RPBTh	next-word	0.488
6	test	105	STSTh	in-word	0.4702
6	test	105	STSTh	next-word	0.4376
6	test	106	CBTh	in-word	0.4081
6	test	106	CBTh	next-word	0.4121
6	test	106	RBTh	in-word	0.4695
6	test	106	RBTh	next-word	0.4194
6	test	106	CPBTh	in-word	0.4486
6	test	106	CPBTh	next-word	0.4182
6	test	106	RPBTh	in-word	0.4994
6	test	106	RPBTh	next-word	0.4638
6	test	106	STSTh	in-word	0.46
6	test	106	STSTh	next-word	0.4284
6	test	107	CBTh	in-word	0.4099
6	test	107	CBTh	next-word	0.3878
6	test	107	RBTh	in-word	0.4823
6	test	107	RBTh	next-word	0.4597
6	test	107	CPBTh	in-word	0.474
6	test	107	CPBTh	next-word	0.4219
6	test	107	RPBTh	in-word	0.5203
6	test	107	RPBTh	next-word	0.4908
6	test	107	STSTh	in-word	0.5293
6	test	107	STSTh	next-word	0.4572
6	test	108	CBTh	in-word	0.4003
6	test	108	CBTh	next-word	0.4174
6	test	108	RBTh	in-word	0.4721
6	test	108	RBTh	next-word	0.4835
6	test	108	CPBTh	in-word	0.4807
6	test	108	CPBTh	next-word	0.4439
6	test	108	RPBTh	in-word	0.5125
6	test	108	RPBTh	next-word	0.4682
6	test	108	STSTh	in-word	0.4586
6	test	108	STSTh	next-word	0.4449
6	test	109	CBTh	in-word	0.4334
6	test	109	CBTh	next-word	0.4015
6	test	109	RBTh	in-word	0.455
6	test	109	RBTh	next-word	0.4591
6	test	109	CPBTh	in-word	0.4671
6	test	109	CPBTh	next-word	0.4387
6	test	109	RPBTh	in-word	0.5271
6	test	109	RPBTh	next-word	0.4595
6	test	109	STSTh	in-word	0.4969
6	test	109	STSTh	next-word	0.4334
7	test	100	CBTh	in-word	0.443
7	test	100	CBTh	next-word	0.3634
7	test	100	RBTh	in-word	0.554
7	test	100	RBTh	next-word	0.4469
7	test	100	CPBTh	in-word	0.4241
7	test	100	CPBTh	next-word	0.375
7	test	100	RPBTh	in-word	0.5412
7	test	100	RPBTh	next-word	0.4214
7	test	100	STSTh	in-word	0.4531
7	test	100	STSTh	next-word	0.4197
7	test	101	CBTh	in-word	0.4682
7	test	101	CBTh	next-word	0.4147
7	test	101	RBTh	in-word	0.5428
7	test	101	RBTh	next-word	0.4551
7	test	101	CPBTh	in-word	0.4713
7	test	101	CPBTh	next-word	0.4148
7	test	101	RPBTh	in-word	0.5491
7	test	101	RPBTh	next-word	0.4657
7	test	101	STSTh	in-word	0.5172
7	test	101	STSTh	next-word	0.4567
7	test	102	CBTh	in-word	0.4491
7	test	102	CBTh	next-word	0.4444
7	test	102	RBTh	in-word	0.5459
7	test	102	RBTh	next-word	0.4634
7	test	102	CPBTh	in-word	0.4626
7	test	102	CPBTh	next-word	0.4146
7	test	102	RPBTh	in-word	0.5345
7	test	102	RPBTh	next-word	0.4373
7	test	102	STSTh	in-word	0.4919
7	test	102	STSTh	next-word	0.451
7	test	103	CBTh	in-word	0.4594
7	test	103	CBTh	next-word	0.423
7	test	103	RBTh	in-word	0.5613
7	test	103	RBTh	next-word	0.4545
7	test	103	CPBTh	in-word	0.5246
7	test	103	CPBTh	next-word	0.4176
7	test	103	RPBTh	in-word	0.5788
7	test	103	RPBTh	next-word	0.4534
7	test	103	STSTh	in-word	0.5154
7	test	103	STSTh	next-word	0.4295
7	test	104	CBTh	in-word	0.4536
7	test	104	CBTh	next-word	0.4432
7	test	104	RBTh	in-word	0.5303
7	test	104	RBTh	next-word	0.4421
7	test	104	CPBTh	in-word	0.4918
7	test	104	CPBTh	next-word	0.4268
7	test	104	RPBTh	in-word	0.5246
7	test	104	RPBTh	next-word	0.4668
7	test	104	STSTh	in-word	0.4745
7	test	104	STSTh	next-word	0.4548
7	test	105	CBTh	in-word	0.4787
7	test	105	CBTh	next-word	0.4472
7	test	105	RBTh	in-word	0.5228
7	test	105	RBTh	next-word	0.4602
7	test	105	CPBTh	in-word	0.4927
7	test	105	CPBTh	next-word	0.468
7	test	105	RPBTh	in-word	0.5439
7	test	105	RPBTh	next-word	0.4454
7	test	105	STSTh	in-word	0.5183
7	test	105	STSTh	next-word	0.4473
7	test	106	CBTh	in-word	0.5395
7	test	106	CBTh	next-word	0.4529
7	test	106	RBTh	in-word	0.5656
7	test	106	RBTh	next-word	0.4876
7	test	106	CPBTh	in-word	0.6068
7	test	106	CPBTh	next-word	0.4324
7	test	106	RPBTh	in-word	0.5791
7	test	106	RPBTh	next-word	0.4886
7	test	106	STSTh	in-word	0.5831
7	test	106	STSTh	next-word	0.4577
7	test	107	CBTh	in-word	0.4851
7	test	107	CBTh	next-word	0.4601
7	test	107	RBTh	in-word	0.5448
7	test	107	RBTh	next-word	0.485
7	test	107	CPBTh	in-word	0.5067
7	test	107	CPBTh	next-word	0.4536
7	test	107	RPBTh	in-word	0.5525
7	test	107	RPBTh	next-word	0.5111
7	test	107	STSTh	in-word	0.5316
7	test	107	STSTh	next-word	0.471
7	test	108	CBTh	in-word	0.4838
7	test	108	CBTh	next-word	0.4792
7	test	108	RBTh	in-word	0.542
7	test	108	RBTh	next-word	0.4993
7	test	108	CPBTh	in-word	0.4921
7	test	108	CPBTh	next-word	0.458
7	test	108	RPBTh	in-word	0.5445
7	test	108	RPBTh	next-word	0.4888
7	test	108	STSTh	in-word	0.5183
7	test	108	STSTh	next-word	0.4544
7	test	109	CBTh	in-word	0.4808
7	test	109	CBTh	next-word	0.4575
7	test	109	RBTh	in-word	0.5751
7	test	109	RBTh	next-word	0.4752
7	test	109	CPBTh	in-word	0.5576
7	test	109	CPBTh	next-word	0.462
7	test	109	RPBTh	in-word	0.5721
7	test	109	RPBTh	next-word	0.5016
7	test	109	STSTh	in-word	0.57
7	test	109	STSTh	next-word	0.4782
8	test	100	CBTh	in-word	0.4586
8	test	100	CBTh	next-word	0.4427
8	test	100	RBTh	in-word	0.4831
8	test	100	RBTh	next-word	0.4678
8	test	100	CPBTh	in-word	0.4462
8	test	100	CPBTh	next-word	0.4008
8	test	100	RPBTh	in-word	0.5116
8	test	100	RPBTh	next-word	0.4941
8	test	100	STSTh	in-word	0.4743
8	test	100	STSTh	next-word	0.4453
8	test	101	CBTh	in-word	0.4606
8	test	101	CBTh	next-word	0.4388
8	test	101	RBTh	in-word	0.5085
8	test	101	RBTh	next-word	0.465
8	test	101	CPBTh	in-word	0.4766
8	test	101	CPBTh	next-word	0.4695
8	test	101	RPBTh	in-word	0.5164
8	test	101	RPBTh	next-word	0.4788
8	test	101	STSTh	in-word	0.4745
8	test	101	STSTh	next-word	0.4722
8	test	102	CBTh	in-word	0.4648
8	test	102	CBTh	next-word	0.4578
8	test	102	RBTh	in-word	0.5368
8	test	102	RBTh	next-word	0.4606
8	test	102	CPBTh	in-word	0.517
8	test	102	CPBTh	next-word	0.4716
8	test	102	RPBTh	in-word	0.5635
8	test	102	RPBTh	next-word	0.4896
8	test	102	STSTh	in-word	0.5214
8	test	102	STSTh	next-word	0.4708
8	test	103	CBTh	in-word	0.54
8	test	103	CBTh	next-word	0.4428
8	test	103	RBTh	in-word	0.5253
8	test	103	RBTh	next-word	0.4724
8	test	103	CPBTh	in-word	0.5318
8	test	103	CPBTh	next-word	0.4704
8	test	103	RPBTh	in-word	0.5314
8	test	103	RPBTh	next-word	0.4842
8	test	103	STSTh	in-word	0.5152
8	test	103	STSTh	next-word	0.4737
8	test	104	CBTh	in-word	0.5126
8	test	104	CBTh	next-word	0.4645
8	test	104	RBTh	in-word	0.534
8	test	104	RBTh	next-word	0.4405
8	test	104	CPBTh	in-word	0.5229
8	test	104	CPBTh	next-word	0.4973
8	test	104	RPBTh	in-word	0.5533
8	test	104	RPBTh	next-word	0.4612
8	test	104	STSTh	in-word	0.5245
8	test	104	STSTh	next-word	0.4821
8	test	105	CBTh	in-word	0.5025
8	test	105	CBTh	next-word	0.4696
8	test	105	RBTh	in-word	0.5125
8	test	105	RBTh	next-word	0.4758
8	test	105	CPBTh	in-word	0.5222
8	test	105	CPBTh	next-word	0.4745
8	test	105	RPBTh	in-word	0.5139
8	test	105	RPBTh	next-word	0.4596
8	test	105	STSTh	in-word	0.5159
8	test	105	STSTh	next-word	0.4764
8	test	106	CBTh	in-word	0.5341
8	test	106	CBTh	next-word	0.4649
8	test	106	RBTh	in-word	0.5405
8	test	106	RBTh	next-word	0.4712
8	test	106	CPBTh	in-word	0.5437
8	test	106	CPBTh	next-word	0.4972
8	test	106	RPBTh	in-word	0.5412
8	test	106	RPBTh	next-word	0.4899
8	test	106	STSTh	in-word	0.5287
8	test	106	STSTh	next-word	0.4891
8	test	107	CBTh	in-word	0.5508
8	test	107	CBTh	next-word	0.4851
8	test	107	RBTh	in-word	0.5329
8	test	107	RBTh	next-word	0.4594
8	test	107	CPBTh	in-word	0.5272
8	test	107	CPBTh	next-word	0.4909
8	test	107	RPBTh	in-word	0.5269
8	test	107	RPBTh	next-word	0.4876
8	test	107	STSTh	in-word	0.5339
8	test	107	STSTh	next-word	0.5118
8	test	108	CBTh	in-word	0.5397
8	test	108	CBTh	next-word	0.4638
8	test	108	RBTh	in-word	0.5395
8	test	108	RBTh	next-word	0.481
8	test	108	CPBTh	in-word	0.5608
8	test	108	CPBTh	next-word	0.4753
8	test	108	RPBTh	in-word	0.5434
8	test	108	RPBTh	next-word	0.4844
8	test	108	STSTh	in-word	0.5481
8	test	108	STSTh	next-word	0.4981
8	test	109	CBTh	in-word	0.5015
8	test	109	CBTh	next-word	0.4578
8	test	109	RBTh	in-word	0.5012
8	test	109	RBTh	next-word	0.4771
8	test	109	CPBTh	in-word	0.5051
8	test	109	CPBTh	next-word	0.4741
8	test	109	RPBTh	in-word	0.5118
8	test	109	RPBTh	next-word	0.4553
8	test	109	STSTh	in-word	0.521
8	test	109	STSTh	next-word	0.4834
9	test	100	CBTh	in-word	0.4662
9	test	100	CBTh	next-word	0.383
9	test	100	RBTh	in-word	0.4157
9	test	100	RBTh	next-word	0.4333
9	test	100	CPBTh	in-word	0.4314
9	test	100	CPBTh	next-word	0.3697
9	test	100	RPBTh	in-word	0.4587
9	test	100	RPBTh	next-word	0.4306
9	test	100	STSTh	in-word	0.4749
9	test	100	STSTh	next-word	0.4243
9	test	101	CBTh	in-word	0.4571
9	test	101	CBTh	next-word	0.4186
9	test	101	RBTh	in-word	0.4995
9	test	101	RBTh	next-word	0.469
9	test	101	CPBTh	in-word	0.4896
9	test	101	CPBTh	next-word	0.447
9	test	101	RPBTh	in-word	0.5759
9	test	101	RPBTh	next-word	0.4391
9	test	101	STSTh	in-word	0.5437
9	test	101	STSTh	next-word	0.4416
9	test	102	CBTh	in-word	0.4612
9	test	102	CBTh	next-word	0.4437
9	test	102	RBTh	in-word	0.4859
9	test	102	RBTh	next-word	0.4852
9	test	102	CPBTh	in-word	0.5025
9	test	102	CPBTh	next-word	0.4414
9	test	102	RPBTh	in-word	0.5012
9	test	102	RPBTh	next-word	0.4578
9	test	102	STSTh	in-word	0.4974
9	test	102	STSTh	next-word	0.431
9	test	103	CBTh	in-word	0.465
9	test	103	CBTh	next-word	0.4259
9	test	103	RBTh	in-word	0.4883
9	test	103	RBTh	next-word	0.4754
9	test	103	CPBTh	in-word	0.5039
9	test	103	CPBTh	next-word	0.4148
9	test	103	RPBTh	in-word	0.5172
9	test	103	RPBTh	next-word	0.4804
9	test	103	STSTh	in-word	0.55
9	test	103	STSTh	next-word	0.4564
9	test	104	CBTh	in-word	0.5111
9	test	104	CBTh	next-word	0.4682
9	test	104	RBTh	in-word	0.5215
9	test	104	RBTh	next-word	0.5105
9	test	104	CPBTh	in-word	0.5091
9	test	104	CPBTh	next-word	0.4458
9	test	104	RPBTh	in-word	0.5254
9	test	104	RPBTh	next-word	0.4825
9	test	104	STSTh	in-word	0.4988
9	test	104	STSTh	next-word	0.458
9	test	105	CBTh	in-word	0.5103
9	test	105	CBTh	next-word	0.4573
9	test	105	RBTh	in-word	0.5166
9	test	105	RBTh	next-word	0.4501
9	test	105	CPBTh	in-word	0.5665
9	test	105	CPBTh	next-word	0.4745
9	test	105	RPBTh	in-word	0.5138
9	test	105	RPBTh	next-word	0.4596
9	test	105	STSTh	in-word	0.5302
9	test	105	STSTh	next-word	0.4684
9	test	106	CBTh	in-word	0.4905
9	test	106	CBTh	next-word	0.4484
9	test	106	RBTh	in-word	0.483
9	test	106	RBTh	next-word	0.4946
9	test	106	CPBTh	in-word	0.4983
9	test	106	CPBTh	next-word	0.4574
9	test	106	RPBTh	in-word	0.5166
9	test	106	RPBTh	next-word	0.4852
9	test	106	STSTh	in-word	0.5149
9	test	106	STSTh	next-word	0.47
9	test	107	CBTh	in-word	0.5062
9	test	107	CBTh	next-word	0.4763
9	test	107	RBTh	in-word	0.4941
9	test	107	RBTh	next-word	0.4626
9	test	107	CPBTh	in-word	0.5637
9	test	107	CPBTh	next-word	0.4648
9	test	107	RPBTh	in-word	0.5323
9	test	107	RPBTh	next-word	0.4507
9	test	107	STSTh	in-word	0.5575
9	test	107	STSTh	next-word	0.4655
9	test	108	CBTh	in-word	0.4843
9	test	108	CBTh	next-word	0.4677
9	test	108	RBTh	in-word	0.5001
9	test	108	RBTh	next-word	0.5264
9	test	108	CPBTh	in-word	0.5312
9	test	108	CPBTh	next-word	0.4556
9	test	108	RPBTh	in-word	0.5265
9	test	108	RPBTh	next-word	0.4888
9	test	108	STSTh	in-word	0.5408
9	test	108	STSTh	next-word	0.4703
9	test	109	CBTh	in-word	0.521
9	test	109	CBTh	next-word	0.4694
9	test	109	RBTh	in-word	0.5104
9	test	109	RBTh	next-word	0.4985
9	test	109	CPBTh	in-word	0.5497
9	test	109	CPBTh	next-word	0.4745
9	test	109	RPBTh	in-word	0.5644
9	test	109	RPBTh	next-word	0.4743
9	test	109	STSTh	in-word	0.5802
9	test	109	STSTh	next-word	0.4798
10	test	100	CBTh	in-word	0.5039
10	test	100	CBTh	next-word	0.4228
10	test	100	RBTh	in-word	0.4995
10	test	100	RBTh	next-word	0.4419
10	test	100	CPBTh	in-word	0.5155
10	test	100	CPBTh	next-word	0.4523
10	test	100	RPBTh	in-word	0.5455
10	test	100	RPBTh	next-word	0.4619
10	test	100	STSTh	in-word	0.5416
10	test	100	STSTh	next-word	0.4699
10	test	101	CBTh	in-word	0.5045
10	test	101	CBTh	next-word	0.4387
10	test	101	RBTh	in-word	0.5513
10	test	101	RBTh	next-word	0.4568
10	test	101	CPBTh	in-word	0.5211
10	test	101	CPBTh	next-word	0.449
10	test	101	RPBTh	in-word	0.5622
10	test	101	RPBTh	next-word	0.4786
10	test	101	STSTh	in-word	0.5373
10	test	101	STSTh	next-word	0.4834
10	test	102	CBTh	in-word	0.524
10	test	102	CBTh	next-word	0.4617
10	test	102	RBTh	in-word	0.5471
10	test	102	RBTh	next-word	0.4622
10	test	102	CPBTh	in-word	0.5171
10	test	102	CPBTh	next-word	0.4707
10	test	102	RPBTh	in-word	0.5481
10	test	102	RPBTh	next-word	0.5025
10	test	102	STSTh	in-word	0.5279
10	test	102	STSTh	next-word	0.4836
10	test	103	CBTh	in-word	0.52
10	test	103	CBTh	next-word	0.4577
10	test	103	RBTh	in-word	0.5531
10	test	103	RBTh	next-word	0.4814
10	test	103	CPBTh	in-word	0.5206
10	test	103	CPBTh	next-word	0.4423
10	test	103	RPBTh	in-word	0.575
10	test	103	RPBTh	next-word	0.4569
10	test	103	STSTh	in-word	0.5572
10	test	103	STSTh	next-word	0.4712
10	test	104	CBTh	in-word	0.5002
10	test	104	CBTh	next-word	0.4524
10	test	104	RBTh	in-word	0.5275
10	test	104	RBTh	next-word	0.4752
10	test	104	CPBTh	in-word	0.5286
10	test	104	CPBTh	next-word	0.4431
10	test	104	RPBTh	in-word	0.5454
10	test	104	RPBTh	next-word	0.4715
10	test	104	STSTh	in-word	0.5502
10	test	104	STSTh	next-word	0.4948
10	test	105	CBTh	in-word	0.4859
10	test	105	CBTh	next-word	0.4398
10	test	105	RBTh	in-word	0.5527
10	test	105	RBTh	next-word	0.4343
10	test	105	CPBTh	in-word	0.5013
10	test	105	CPBTh	next-word	0.4525
10	test	105	RPBTh	in-word	0.5627
10	test	105	RPBTh	next-word	0.439
10	test	105	STSTh	in-word	0.5489
10	test	105	STSTh	next-word	0.4651
10	test	106	CBTh	in-word	0.5203
10	test	106	CBTh	next-word	0.4407
10	test	106	RBTh	in-word	0.5396
10	test	106	RBTh	next-word	0.4694
10	test	106	CPBTh	in-word	0.5341
10	test	106	CPBTh	next-word	0.4698
10	test	106	RPBTh	in-word	0.5653
10	test	106	RPBTh	next-word	0.4588
10	test	106	STSTh	in-word	0.5561
10	test	106	STSTh	next-word	0.4818
10	test	107	CBTh	in-word	0.5187
10	test	107	CBTh	next-word	0.4504
10	test	107	RBTh	in-word	0.5665
10	test	107	RBTh	next-word	0.5087
10	test	107	CPBTh	in-word	0.5701
10	test	107	CPBTh	next-word	0.4791
10	test	107	RPBTh	in-word	0.6068
10	test	107	RPBTh	next-word	0.4921
10	test	107	STSTh	in-word	0.576
10	test	107	STSTh	next-word	0.5001
10	test	108	CBTh	in-word	0.5235
10	test	108	CBTh	next-word	0.4438
10	test	108	RBTh	in-word	0.5083
10	test	108	RBTh	next-word	0.4596
10	test	108	CPBTh	in-word	0.5437
10	test	108	CPBTh	next-word	0.4889
10	test	108	RPBTh	in-word	0.5612
10	test	108	RPBTh	next-word	0.441
10	test	108	STSTh	in-word	0.5771
10	test	108	STSTh	next-word	0.4731
10	test	109	CBTh	in-word	0.5207
10	test	109	CBTh	next-word	0.4804
10	test	109	RBTh	in-word	0.5373
10	test	109	RBTh	next-word	0.5
10	test	109	CPBTh	in-word	0.5335
10	test	109	CPBTh	next-word	0.4939
10	test	109	RPBTh	in-word	0.5559
10	test	109	RPBTh	next-word	0.4911
10	test	109	STSTh	in-word	0.5438
10	test	109	STSTh	next-word	0.501
11	test	100	CBTh	in-word	0.4522
11	test	100	CBTh	next-word	0.4039
11	test	100	RBTh	in-word	0.5193
11	test	100	RBTh	next-word	0.4726
11	test	100	CPBTh	in-word	0.4738
11	test	100	CPBTh	next-word	0.439
11	test	100	RPBTh	in-word	0.5436
11	test	100	RPBTh	next-word	0.4859
11	test	100	STSTh	in-word	0.5123
11	test	100	STSTh	next-word	0.4656
11	test	101	CBTh	in-word	0.4777
11	test	101	CBTh	next-word	0.4277
11	test	101	RBTh	in-word	0.5102
11	test	101	RBTh	next-word	0.4727
11	test	101	CPBTh	in-word	0.4951
11	test	101	CPBTh	next-word	0.4627
11	test	101	RPBTh	in-word	0.5287
11	test	101	RPBTh	next-word	0.4987
11	test	101	STSTh	in-word	0.4693
11	test	101	STSTh	next-word	0.477
11	test	102	CBTh	in-word	0.4396
11	test	102	CBTh	next-word	0.4178
11	test	102	RBTh	in-word	0.5007
11	test	102	RBTh	next-word	0.4117
11	test	102	CPBTh	in-word	0.4892
11	test	102	CPBTh	next-word	0.4126
11	test	102	RPBTh	in-word	0.5345
11	test	102	RPBTh	next-word	0.4293
11	test	102	STSTh	in-word	0.5148
11	test	102	STSTh	next-word	0.4456
11	test	103	CBTh	in-word	0.4793
11	test	103	CBTh	next-word	0.4232
11	test	103	RBTh	in-word	0.4986
11	test	103	RBTh	next-word	0.4466
11	test	103	CPBTh	in-word	0.533
11	test	103	CPBTh	next-word	0.3812
11	test	103	RPBTh	in-word	0.5164
11	test	103	RPBTh	next-word	0.4446
11	test	103	STSTh	in-word	0.5283
11	test	103	STSTh	next-word	0.4433
11	test	104	CBTh	in-word	0.496
11	test	104	CBTh	next-word	0.3898
11	test	104	RBTh	in-word	0.5155
11	test	104	RBTh	next-word	0.4334
11	test	104	CPBTh	in-word	0.5065
11	test	104	CPBTh	next-word	0.401
11	test	104	RPBTh	in-word	0.532
11	test	104	RPBTh	next-word	0.4602
11	test	104	STSTh	in-word	0.5236
11	test	104	STSTh	next-word	0.445
11	test	105	CBTh	in-word	0.5019
11	test	105	CBTh	next-word	0.4677
11	test	105	RBTh	in-word	0.5358
11	test	105	RBTh	next-word	0.4567
11	test	105	CPBTh	in-word	0.5251
11	test	105	CPBTh	next-word	0.4268
11	test	105	RPBTh	in-word	0.5353
11	test	105	RPBTh	next-word	0.4889
11	test	105	STSTh	in-word	0.5556
11	test	105	STSTh	next-word	0.4544
11	test	106	CBTh	in-word	0.4998
11	test	106	CBTh	next-word	0.4998
11	test	106	RBTh	in-word	0.4925
11	test	106	RBTh	next-word	0.4776
11	test	106	CPBTh	in-word	0.5212
11	test	106	CPBTh	next-word	0.5121
11	test	106	RPBTh	in-word	0.5267
11	test	106	RPBTh	next-word	0.5071
11	test	106	STSTh	in-word	0.5281
11	test	106	STSTh	next-word	0.4871
11	test	107	CBTh	in-word	0.5154
11	test	107	CBTh	next-word	0.4283
11	test	107	RBTh	in-word	0.5371
11	test	107	RBTh	next-word	0.4831
11	test	107	CPBTh	in-word	0.5303
11	test	107	CPBTh	next-word	0.4401
11	test	107	RPBTh	in-word	0.5746
11	test	107	RPBTh	next-word	0.4595
11	test	107	STSTh	in-word	0.5471
11	test	107	STSTh	next-word	0.4473
11	test	108	CBTh	in-word	0.4787
11	test	108	CBTh	next-word	0.4198
11	test	108	RBTh	in-word	0.5242
11	test	108	RBTh	next-word	0.4759
11	test	108	CPBTh	in-word	0.5319
11	test	108	CPBTh	next-word	0.4274
11	test	108	RPBTh	in-word	0.5663
11	test	108	RPBTh	next-word	0.4834
11	test	108	STSTh	in-word	0.5555
11	test	108	STSTh	next-word	0.4447
11	test	109	CBTh	in-word	0.5064
11	test	109	CBTh	next-word	0.4604
11	test	109	RBTh	in-word	0.5238
11	test	109	RBTh	next-word	0.4443
11	test	109	CPBTh	in-word	0.4914
11	test	109	CPBTh	next-word	0.4385
11	test	109	RPBTh	in-word	0.5085
11	test	109	RPBTh	next-word	0.465
11	test	109	STSTh	in-word	0.5314
11	test	109	STSTh	next-word	0.466
12	test	100	CBTh	in-word	0.4064
12	test	100	CBTh	next-word	0.3859
12	test	100	RBTh	in-word	0.4871
12	test	100	RBTh	next-word	0.4317
12	test	100	CPBTh	in-word	0.4405
12	test	100	CPBTh	next-word	0.3994
12	test	100	RPBTh	in-word	0.5165
12	test	100	RPBTh	next-word	0.4614
12	test	100	STSTh	in-word	0.497
12	test	100	STSTh	next-word	0.4341
12	test	101	CBTh	in-word	0.4394
12	test	101	CBTh	next-word	0.3895
12	test	101	RBTh	in-word	0.4402
12	test	101	RBTh	next-word	0.3873
12	test	101	CPBTh	in-word	0.4492
12	test	101	CPBTh	next-word	0.4053
12	test	101	RPBTh	in-word	0.4997
12	test	101	RPBTh	next-word	0.4128
12	test	101	STSTh	in-word	0.4758
12	test	101	STSTh	next-word	0.444
12	test	102	CBTh	in-word	0.4521
12	test	102	CBTh	next-word	0.4336
12	test	102	RBTh	in-word	0.5099
12	test	102	RBTh	next-word	0.4268
12	test	102	CPBTh	in-word	0.476
12	test	102	CPBTh	next-word	0.4739
12	test	102	RPBTh	in-word	0.5114
12	test	102	RPBTh	next-word	0.4721
12	test	102	STSTh	in-word	0.4792
12	test	102	STSTh	next-word	0.4881
12	test	103	CBTh	in-word	0.4646
12	test	103	CBTh	next-word	0.4466
12	test	103	RBTh	in-word	0.4867
12	test	103	RBTh	next-word	0.4052
12	test	103	CPBTh	in-word	0.4978
12	test	103	CPBTh	next-word	0.4864
12	test	103	RPBTh	in-word	0.5376
12	test	103	RPBTh	next-word	0.4911
12	test	103	STSTh	in-word	0.4979
12	test	103	STSTh	next-word	0.4896
12	test	104	CBTh	in-word	0.4768
12	test	104	CBTh	next-word	0.3986
12	test	104	RBTh	in-word	0.4662
12	test	104	RBTh	next-word	0.4284
12	test	104	CPBTh	in-word	0.4603
12	test	104	CPBTh	next-word	0.3997
12	test	104	RPBTh	in-word	0.5088
12	test	104	RPBTh	next-word	0.4231
12	test	104	STSTh	in-word	0.4984
12	test	104	STSTh	next-word	0.4626
12	test	105	CBTh	in-word	0.4779
12	test	105	CBTh	next-word	0.4367
12	test	105	RBTh	in-word	0.4811
12	test	105	RBTh	next-word	0.4187
12	test	105	CPBTh	in-word	0.4721
12	test	105	CPBTh	next-word	0.4339
12	test	105	RPBTh	in-word	0.4872
12	test	105	RPBTh	next-word	0.4681
12	test	105	STSTh	in-word	0.4809
12	test	105	STSTh	next-word	0.4616
12	test	106	CBTh	in-word	0.4318
12	test	106	CBTh	next-word	0.4506
12	test	106	RBTh	in-word	0.5021
12	test	106	RBTh	next-word	0.472
12	test	106	CPBTh	in-word	0.5126
12	test	106	CPBTh	next-word	0.4776
12	test	106	RPBTh	in-word	0.5547
12	test	106	RPBTh	next-word	0.4803
12	test	106	STSTh	in-word	0.544
12	test	106	STSTh	next-word	0.4645
12	test	107	CBTh	in-word	0.4919
12	test	107	CBTh	next-word	0.438
12	test	107	RBTh	in-word	0.4992
12	test	107	RBTh	next-word	0.4636
12	test	107	CPBTh	in-word	0.4979
12	test	107	CPBTh	next-word	0.4622
12	test	107	RPBTh	in-word	0.5179
12	test	107	RPBTh	next-word	0.464
12	test	107	STSTh	in-word	0.5227
12	test	107	STSTh	next-word	0.4768
12	test	108	CBTh	in-word	0.5062
12	test	108	CBTh	next-word	0.4055
12	test	108	RBTh	in-word	0.5151
12	test	108	RBTh	next-word	0.4609
12	test	108	CPBTh	in-word	0.5279
12	test	108	CPBTh	next-word	0.4924
12	test	108	RPBTh	in-word	0.5623
12	test	108	RPBTh	next-word	0.4616
12	test	108	STSTh	in-word	0.5376
12	test	108	STSTh	next-word	0.466
12	test	109	CBTh	in-word	0.4592
12	test	109	CBTh	next-word	0.4665
12	test	109	RBTh	in-word	0.509
12	test	109	RBTh	next-word	0.4555
12	test	109	CPBTh	in-word	0.5039
12	test	109	CPBTh	next-word	0.4862
12	test	109	RPBTh	in-word	0.5743
12	test	109	RPBTh	next-word	0.5008
12	test	109	STSTh	in-word	0.5175
12	test	109	STSTh	next-word	0.4698
13	test	100	CBTh	in-word	0.4143
13	test	100	CBTh	next-word	0.3996
13	test	100	RBTh	in-word	0.4619
13	test	100	RBTh	next-word	0.458
13	test	100	CPBTh	in-word	0.3927
13	test	100	CPBTh	next-word	0.4108
13	test	100	RPBTh	in-word	0.4496
13	test	100	RPBTh	next-word	0.4601
13	test	100	STSTh	in-word	0.4396
13	test	100	STSTh	next-word	0.4561
13	test	101	CBTh	in-word	0.4405
13	test	101	CBTh	next-word	0.4466
13	test	101	RBTh	in-word	0.5016
13	test	101	RBTh	next-word	0.4763
13	test	101	CPBTh	in-word	0.4215
13	test	101	CPBTh	next-word	0.4417
13	test	101	RPBTh	in-word	0.4994
13	test	101	RPBTh	next-word	0.4683
13	test	101	STSTh	in-word	0.4682
13	test	101	STSTh	next-word	0.4508
13	test	102	CBTh	in-word	0.4333
13	test	102	CBTh	next-word	0.4637
13	test	102	RBTh	in-word	0.4917
13	test	102	RBTh	next-word	0.4684
13	test	102	CPBTh	in-word	0.4317
13	test	102	CPBTh	next-word	0.4668
13	test	102	RPBTh	in-word	0.464
13	test	102	RPBTh	next-word	0.4693
13	test	102	STSTh	in-word	0.4445
13	test	102	STSTh	next-word	0.4653
13	test	103	CBTh	in-word	0.4541
13	test	103	CBTh	next-word	0.4417
13	test	103	RBTh	in-word	0.4888
13	test	103	RBTh	next-word	0.461
13	test	103	CPBTh	in-word	0.4112
13	test	103	CPBTh	next-word	0.4321
13	test	103	RPBTh	in-word	0.4752
13	test	103	RPBTh	next-word	0.4702
13	test	103	STSTh	in-word	0.4606
13	test	103	STSTh	next-word	0.4694
13	test	104	CBTh	in-word	0.4692
13	test	104	CBTh	next-word	0.4503
13	test	104	RBTh	in-word	0.4982
13	test	104	RBTh	next-word	0.4984
13	test	104	CPBTh	in-word	0.484
13	test	104	CPBTh	next-word	0.4934
13	test	104	RPBTh	in-word	0.4959
13	test	104	RPBTh	next-word	0.5091
13	test	104	STSTh	in-word	0.5001
13	test	104	STSTh	next-word	0.5142
13	test	105	CBTh	in-word	0.4363
13	test	105	CBTh	next-word	0.4585
13	test	105	RBTh	in-word	0.5149
13	test	105	RBTh	next-word	0.4955
13	test	105	CPBTh	in-word	0.4502
13	test	105	CPBTh	next-word	0.4663
13	test	105	RPBTh	in-word	0.5097
13	test	105	RPBTh	next-word	0.4605
13	test	105	STSTh	in-word	0.4772
13	test	105	STSTh	next-word	0.4572
13	test	106	CBTh	in-word	0.4607
13	test	106	CBTh	next-word	0.4853
13	test	106	RBTh	in-word	0.4879
13	test	106	RBTh	next-word	0.4689
13	test	106	CPBTh	in-word	0.4851
13	test	106	CPBTh	next-word	0.5079
13	test	106	RPBTh	in-word	0.5029
13	test	106	RPBTh	next-word	0.4757
13	test	106	STSTh	in-word	0.4772
13	test	106	STSTh	next-word	0.4752
13	test	107	CBTh	in-word	0.4454
13	test	107	CBTh	next-word	0.4752
13	test	107	RBTh	in-word	0.4962
13	test	107	RBTh	next-word	0.4516
13	test	107	CPBTh	in-word	0.4671
13	test	107	CPBTh	next-word	0.4757
13	test	107	RPBTh	in-word	0.4754
13	test	107	RPBTh	next-word	0.4893
13	test	107	STSTh	in-word	0.4706
13	test	107	STSTh	next-word	0.5067
13	test	108	CBTh	in-word	0.4396
13	test	108	CBTh	next-word	0.467
13	test	108	RBTh	in-word	0.4915
13	test	108	RBTh	next-word	0.484
13	test	108	CPBTh	in-word	0.4703
13	test	108	CPBTh	next-word	0.4662
13	test	108	RPBTh	in-word	0.5349
13	test	108	RPBTh	next-word	0.492
13	test	108	STSTh	in-word	0.4817
13	test	108	STSTh	next-word	0.4761
13	test	109	CBTh	in-word	0.4327
13	test	109	CBTh	next-word	0.4591
13	test	109	RBTh	in-word	0.5332
13	test	109	RBTh	next-word	0.4713
13	test	109	CPBTh	in-word	0.4748
13	test	109	CPBTh	next-word	0.4627
13	test	109	RPBTh	in-word	0.5372
13	test	109	RPBTh	next-word	0.4735
13	test	109	STSTh	in-word	0.496
13	test	109	STSTh	next-word	0.4745
14	test	100	CBTh	in-word	0.475
14	test	100	CBTh	next-word	0.3828
14	test	100	RBTh	in-word	0.5249
14	test	100	RBTh	next-word	0.4511
14	test	100	CPBTh	in-word	0.4996
14	test	100	CPBTh	next-word	0.3807
14	test	100	RPBTh	in-word	0.5229
14	test	100	RPBTh	next-word	0.4568
14	test	100	STSTh	in-word	0.5
14	test	100	STSTh	next-word	0.4385
14	test	101	CBTh	in-word	0.5041
14	test	101	CBTh	next-word	0.4318
14	test	101	RBTh	in-word	0.5267
14	test	101	RBTh	next-word	0.4689
14	test	101	CPBTh	in-word	0.5491
14	test	101	CPBTh	next-word	0.4347
14	test	101	RPBTh	in-word	0.568
14	test	101	RPBTh	next-word	0.4815
14	test	101	STSTh	in-word	0.5414
14	test	101	STSTh	next-word	0.4838
14	test	102	CBTh	in-word	0.494
14	test	102	CBTh	next-word	0.4319
14	test	102	RBTh	in-word	0.4996
14	test	102	RBTh	next-word	0.4515
14	test	102	CPBTh	in-word	0.5007
14	test	102	CPBTh	next-word	0.4233
14	test	102	RPBTh	in-word	0.5207
14	test	102	RPBTh	next-word	0.4536
14	test	102	STSTh	in-word	0.5343
14	test	102	STSTh	next-word	0.4503
14	test	103	CBTh	in-word	0.5272
14	test	103	CBTh	next-word	0.4473
14	test	103	RBTh	in-word	0.5256
14	test	103	RBTh	next-word	0.4708
14	test	103	CPBTh	in-word	0.5448
14	test	103	CPBTh	next-word	0.4679
14	test	103	RPBTh	in-word	0.5384
14	test	103	RPBTh	next-word	0.472
14	test	103	STSTh	in-word	0.5356
14	test	103	STSTh	next-word	0.4799
14	test	104	CBTh	in-word	0.4625
14	test	104	CBTh	next-word	0.4569
14	test	104	RBTh	in-word	0.4917
14	test	104	RBTh	next-word	0.4881
14	test	104	CPBTh	in-word	0.4956
14	test	104	CPBTh	next-word	0.4654
14	test	104	RPBTh	in-word	0.5463
14	test	104	RPBTh	next-word	0.508
14	test	104	STSTh	in-word	0.5311
14	test	104	STSTh	next-word	0.5137
14	test	105	CBTh	in-word	0.4971
14	test	105	CBTh	next-word	0.4704
14	test	105	RBTh	in-word	0.5042
14	test	105	RBTh	next-word	0.4896
14	test	105	CPBTh	in-word	0.5175
14	test	105	CPBTh	next-word	0.4865
14	test	105	RPBTh	in-word	0.5364
14	test	105	RPBTh	next-word	0.492
14	test	105	STSTh	in-word	0.5198
14	test	105	STSTh	next-word	0.5045
14	test	106	CBTh	in-word	0.4827
14	test	106	CBTh	next-word	0.3931
14	test	106	RBTh	in-word	0.5066
14	test	106	RBTh	next-word	0.4511
14	test	106	CPBTh	in-word	0.4839
14	test	106	CPBTh	next-word	0.447
14	test	106	RPBTh	in-word	0.5208
14	test	106	RPBTh	next-word	0.4699
14	test	106	STSTh	in-word	0.5211
14	test	106	STSTh	next-word	0.4848
14	test	107	CBTh	in-word	0.4877
14	test	107	CBTh	next-word	0.4534
14	test	107	RBTh	in-word	0.5164
14	test	107	RBTh	next-word	0.4514
14	test	107	CPBTh	in-word	0.5219
14	test	107	CPBTh	next-word	0.4511
14	test	107	RPBTh	in-word	0.5857
14	test	107	RPBTh	next-word	0.4722
14	test	107	STSTh	in-word	0.5546
14	test	107	STSTh	next-word	0.477
14	test	108	CBTh	in-word	0.4911
14	test	108	CBTh	next-word	0.4703
14	test	108	RBTh	in-word	0.5096
14	test	108	RBTh	next-word	0.4551
14	test	108	CPBTh	in-word	0.5092
14	test	108	CPBTh	next-word	0.4429
14	test	108	RPBTh	in-word	0.5554
14	test	108	RPBTh	next-word	0.473
14	test	108	STSTh	in-word	0.5311
14	test	108	STSTh	next-word	0.4773
14	test	109	CBTh	in-word	0.4677
14	test	109	CBTh	next-word	0.4673
14	test	109	RBTh	in-word	0.4985
14	test	109	RBTh	next-word	0.4705
14	test	109	CPBTh	in-word	0.4898
14	test	109	CPBTh	next-word	0.4539
14	test	109	RPBTh	in-word	0.5328
14	test	109	RPBTh	next-word	0.4838
14	test	109	STSTh	in-word	0.5055
14	test	109	STSTh	next-word	0.4921
15	test	100	CBTh	in-word	0.4902
15	test	100	CBTh	next-word	0.4092
15	test	100	RBTh	in-word	0.4559
15	test	100	RBTh	next-word	0.4183
15	test	100	CPBTh	in-word	0.4816
15	test	100	CPBTh	next-word	0.3961
15	test	100	RPBTh	in-word	0.4992
15	test	100	RPBTh	next-word	0.4584
15	test	100	STSTh	in-word	0.491
15	test	100	STSTh	next-word	0.4369
15	test	101	CBTh	in-word	0.4728
15	test	101	CBTh	next-word	0.4316
15	test	101	RBTh	in-word	0.5036
15	test	101	RBTh	next-word	0.4625
15	test	101	CPBTh	in-word	0.4582
15	test	101	CPBTh	next-word	0.3718
15	test	101	RPBTh	in-word	0.4865
15	test	101	RPBTh	next-word	0.4396
15	test	101	STSTh	in-word	0.5077
15	test	101	STSTh	next-word	0.4293
15	test	102	CBTh	in-word	0.494
15	test	102	CBTh	next-word	0.4702
15	test	102	RBTh	in-word	0.4883
15	test	102	RBTh	next-word	0.4364
15	test	102	CPBTh	in-word	0.4623
15	test	102	CPBTh	next-word	0.4284
15	test	102	RPBTh	in-word	0.5093
15	test	102	RPBTh	next-word	0.4325
15	test	102	STSTh	in-word	0.5059
15	test	102	STSTh	next-word	0.4482
15	test	103	CBTh	in-word	0.5406
15	test	103	CBTh	next-word	0.4817
15	test	103	RBTh	in-word	0.4964
15	test	103	RBTh	next-word	0.4306
15	test	103	CPBTh	in-word	0.503
15	test	103	CPBTh	next-word	0.4591
15	test	103	RPBTh	in-word	0.5336
15	test	103	RPBTh	next-word	0.4239
15	test	103	STSTh	in-word	0.5338
15	test	103	STSTh	next-word	0.4576
15	test	104	CBTh	in-word	0.4915
15	test	104	CBTh	next-word	0.4576
15	test	104	RBTh	in-word	0.5303
15	test	104	RBTh	next-word	0.4466
15	test	104	CPBTh	in-word	0.4585
15	test	104	CPBTh	next-word	0.4365
15	test	104	RPBTh	in-word	0.502
15	test	104	RPBTh	next-word	0.4599
15	test	104	STSTh	in-word	0.51
15	test	104	STSTh	next-word	0.4518
15	test	105	CBTh	in-word	0.5189
15	test	105	CBTh	next-word	0.4656
15	test	105	RBTh	in-word	0.5224
15	test	105	RBTh	next-word	0.4559
15	test	105	CPBTh	in-word	0.5219
15	test	105	CPBTh	next-word	0.431
15	test	105	RPBTh	in-word	0.5012
15	test	105	RPBTh	next-word	0.4439
15	test	105	STSTh	in-word	0.5308
15	test	105	STSTh	next-word	0.4622
15	test	106	CBTh	in-word	0.5094
15	test	106	CBTh	next-word	0.4802
15	test	106	RBTh	in-word	0.5148
15	test	106	RBTh	next-word	0.4776
15	test	106	CPBTh	in-word	0.5175
15	test	106	CPBTh	next-word	0.456
15	test	106	RPBTh	in-word	0.5278
15	test	106	RPBTh	next-word	0.4802
15	test	106	STSTh	in-word	0.5357
15	test	106	STSTh	next-word	0.4943
15	test	107	CBTh	in-word	0.5543
15	test	107	CBTh	next-word	0.4923
15	test	107	RBTh	in-word	0.4959
15	test	107	RBTh	next-word	0.4699
15	test	107	CPBTh	in-word	0.5507
15	test	107	CPBTh	next-word	0.46
15	test	107	RPBTh	in-word	0.4926
15	test	107	RPBTh	next-word	0.4587
15	test	107	STSTh	in-word	0.5222
15	test	107	STSTh	next-word	0.4815
15	test	108	CBTh	in-word	0.5268
15	test	108	CBTh	next-word	0.4736
15	test	108	RBTh	in-word	0.5144
15	test	108	RBTh	next-word	0.4362
15	test	108	CPBTh	in-word	0.5295
15	test	108	CPBTh	next-word	0.4615
15	test	108	RPBTh	in-word	0.532
15	test	108	RPBTh	next-word	0.4167
15	test	108	STSTh	in-word	0.5381
15	test	108	STSTh	next-word	0.4641
15	test	109	CBTh	in-word	0.5038
15	test	109	CBTh	next-word	0.4625
15	test	109	RBTh	in-word	0.5059
15	test	109	RBTh	next-word	0.4495
15	test	109	CPBTh	in-word	0.5166
15	test	109	CPBTh	next-word	0.4282
15	test	109	RPBTh	in-word	0.4767
15	test	109	RPBTh	next-word	0.4496
15	test	109	STSTh	in-word	0.5083
15	test	109	STSTh	next-word	0.4883
16	test	100	CBTh	in-word	0.419
16	test	100	CBTh	next-word	0.3881
16	test	100	RBTh	in-word	0.4376
16	test	100	RBTh	next-word	0.4384
16	test	100	CPBTh	in-word	0.4538
16	test	100	CPBTh	next-word	0.4188
16	test	100	RPBTh	in-word	0.4836
16	test	100	RPBTh	next-word	0.4268
16	test	100	STSTh	in-word	0.4608
16	test	100	STSTh	next-word	0.4273
16	test	101	CBTh	in-word	0.4287
16	test	101	CBTh	next-word	0.4493
16	test	101	RBTh	in-word	0.4608
16	test	101	RBTh	next-word	0.4742
16	test	101	CPBTh	in-word	0.478
16	test	101	CPBTh	next-word	0.4273
16	test	101	RPBTh	in-word	0.4997
16	test	101	RPBTh	next-word	0.4421
16	test	101	STSTh	in-word	0.4823
16	test	101	STSTh	next-word	0.4418
16	test	102	CBTh	in-word	0.4598
16	test	102	CBTh	next-word	0.4261
16	test	102	RBTh	in-word	0.4731
16	test	102	RBTh	next-word	0.426
16	test	102	CPBTh	in-word	0.4761
16	test	102	CPBTh	next-word	0.4047
16	test	102	RPBTh	in-word	0.4353
16	test	102	RPBTh	next-word	0.3984
16	test	102	STSTh	in-word	0.4817
16	test	102	STSTh	next-word	0.4188
16	test	103	CBTh	in-word	0.4725
16	test	103	CBTh	next-word	0.4053
16	test	103	RBTh	in-word	0.4242
16	test	103	RBTh	next-word	0.4612
16	test	103	CPBTh	in-word	0.4543
16	test	103	CPBTh	next-word	0.4403
16	test	103	RPBTh	in-word	0.4616
16	test	103	RPBTh	next-word	0.4411
16	test	103	STSTh	in-word	0.4622
16	test	103	STSTh	next-word	0.4315
16	test	104	CBTh	in-word	0.4763
16	test	104	CBTh	next-word	0.4256
16	test	104	RBTh	in-word	0.461
16	test	104	RBTh	next-word	0.5048
16	test	104	CPBTh	in-word	0.4551
16	test	104	CPBTh	next-word	0.4153
16	test	104	RPBTh	in-word	0.5073
16	test	104	RPBTh	next-word	0.4761
16	test	104	STSTh	in-word	0.4984
16	test	104	STSTh	next-word	0.4496
16	test	105	CBTh	in-word	0.464
16	test	105	CBTh	next-word	0.4587
16	test	105	RBTh	in-word	0.4414
16	test	105	RBTh	next-word	0.4881
16	test	105	CPBTh	in-word	0.4578
16	test	105	CPBTh	next-word	0.4154
16	test	105	RPBTh	in-word	0.4633
16	test	105	RPBTh	next-word	0.4811
16	test	105	STSTh	in-word	0.4788
16	test	105	STSTh	next-word	0.4596
16	test	106	CBTh	in-word	0.4406
16	test	106	CBTh	next-word	0.4272
16	test	106	RBTh	in-word	0.5027
16	test	106	RBTh	next-word	0.4621
16	test	106	CPBTh	in-word	0.5283
16	test	106	CPBTh	next-word	0.4305
16	test	106	RPBTh	in-word	0.5255
16	test	106	RPBTh	next-word	0.4311
16	test	106	STSTh	in-word	0.4901
16	test	106	STSTh	next-word	0.426
16	test	107	CBTh	in-word	0.5135
16	test	107	CBTh	next-word	0.472
16	test	107	RBTh	in-word	0.4239
16	test	107	RBTh	next-word	0.4542
16	test	107	CPBTh	in-word	0.5599
16	test	107	CPBTh	next-word	0.4662
16	test	107	RPBTh	in-word	0.4719
16	test	107	RPBTh	next-word	0.4797
16	test	107	STSTh	in-word	0.5048
16	test	107	STSTh	next-word	0.4609
16	test	108	CBTh	in-word	0.4872
16	test	108	CBTh	next-word	0.4475
16	test	108	RBTh	in-word	0.4593
16	test	108	RBTh	next-word	0.4669
16	test	108	CPBTh	in-word	0.5141
16	test	108	CPBTh	next-word	0.4467
16	test	108	RPBTh	in-word	0.4748
16	test	108	RPBTh	next-word	0.4906
16	test	108	STSTh	in-word	0.4897
16	test	108	STSTh	next-word	0.4724
16	test	109	CBTh	in-word	0.4911
16	test	109	CBTh	next-word	0.4865
16	test	109	RBTh	in-word	0.4485
16	test	109	RBTh	next-word	0.4627
16	test	109	CPBTh	in-word	0.4913
16	test	109	CPBTh	next-word	0.483
16	test	109	RPBTh	in-word	0.4877
16	test	109	RPBTh	next-word	0.4727
16	test	109	STSTh	in-word	0.511
16	test	109	STSTh	next-word	0.4822
17	test	100	CBTh	in-word	0.4529
17	test	100	CBTh	next-word	0.3843
17	test	100	RBTh	in-word	0.5022
17	test	100	RBTh	next-word	0.4562
17	test	100	CPBTh	in-word	0.4786
17	test	100	CPBTh	next-word	0.3837
17	test	100	RPBTh	in-word	0.5293
17	test	100	RPBTh	next-word	0.4315
17	test	100	STSTh	in-word	0.4914
17	test	100	STSTh	next-word	0.4245
17	test	101	CBTh	in-word	0.437
17	test	101	CBTh	next-word	0.4322
17	test	101	RBTh	in-word	0.5252
17	test	101	RBTh	next-word	0.4998
17	test	101	CPBTh	in-word	0.5152
17	test	101	CPBTh	next-word	0.4074
17	test	101	RPBTh	in-word	0.5454
17	test	101	RPBTh	next-word	0.4757
17	test	101	STSTh	in-word	0.4971
17	test	101	STSTh	next-word	0.4503
17	test	102	CBTh	in-word	0.4408
17	test	102	CBTh	next-word	0.4078
17	test	102	RBTh	in-word	0.4849
17	test	102	RBTh	next-word	0.4909
17	test	102	CPBTh	in-word	0.4819
17	test	102	CPBTh	next-word	0.4531
17	test	102	RPBTh	in-word	0.4993
17	test	102	RPBTh	next-word	0.4985
17	test	102	STSTh	in-word	0.4871
17	test	102	STSTh	next-word	0.4591
17	test	103	CBTh	in-word	0.5046
17	test	103	CBTh	next-word	0.4213
17	test	103	RBTh	in-word	0.5017
17	test	103	RBTh	next-word	0.4833
17	test	103	CPBTh	in-word	0.5649
17	test	103	CPBTh	next-word	0.4475
17	test	103	RPBTh	in-word	0.541
17	test	103	RPBTh	next-word	0.4777
17	test	103	STSTh	in-word	0.5204
17	test	103	STSTh	next-word	0.4675
17	test	104	CBTh	in-word	0.4899
17	test	104	CBTh	next-word	0.4614
17	test	104	RBTh	in-word	0.5157
17	test	104	RBTh	next-word	0.4662
17	test	104	CPBTh	in-word	0.5249
17	test	104	CPBTh	next-word	0.4471
17	test	104	RPBTh	in-word	0.5329
17	test	104	RPBTh	next-word	0.4795
17	test	104	STSTh	in-word	0.5006
17	test	104	STSTh	next-word	0.4593
17	test	105	CBTh	in-word	0.5257
17	test	105	CBTh	next-word	0.4388
17	test	105	RBTh	in-word	0.5556
17	test	105	RBTh	next-word	0.4706
17	test	105	CPBTh	in-word	0.5485
17	test	105	CPBTh	next-word	0.4806
17	test	105	RPBTh	in-word	0.5845
17	test	105	RPBTh	next-word	0.4595
17	test	105	STSTh	in-word	0.551
17	test	105	STSTh	next-word	0.4607
17	test	106	CBTh	in-word	0.4551
17	test	106	CBTh	next-word	0.4423
17	test	106	RBTh	in-word	0.5218
17	test	106	RBTh	next-word	0.4715
17	test	106	CPBTh	in-word	0.5209
17	test	106	CPBTh	next-word	0.4493
17	test	106	RPBTh	in-word	0.5495
17	test	106	RPBTh	next-word	0.4777
17	test	106	STSTh	in-word	0.5176
17	test	106	STSTh	next-word	0.4484
17	test	107	CBTh	in-word	0.4997
17	test	107	CBTh	next-word	0.4754
17	test	107	RBTh	in-word	0.5318
17	test	107	RBTh	next-word	0.5119
17	test	107	CPBTh	in-word	0.5171
17	test	107	CPBTh	next-word	0.4331
17	test	107	RPBTh	in-word	0.5586
17	test	107	RPBTh	next-word	0.4798
17	test	107	STSTh	in-word	0.5228
17	test	107	STSTh	next-word	0.4523
17	test	108	CBTh	in-word	0.5338
17	test	108	CBTh	next-word	0.4521
17	test	108	RBTh	in-word	0.5815
17	test	108	RBTh	next-word	0.4881
17	test	108	CPBTh	in-word	0.5413
17	test	108	CPBTh	next-word	0.4715
17	test	108	RPBTh	in-word	0.5833
17	test	108	RPBTh	next-word	0.4852
17	test	108	STSTh	in-word	0.5732
17	test	108	STSTh	next-word	0.4589
17	test	109	CBTh	in-word	0.4962
17	test	109	CBTh	next-word	0.4994
17	test	109	RBTh	in-word	0.5308
17	test	109	RBTh	next-word	0.4957
17	test	109	CPBTh	in-word	0.5407
17	test	109	CPBTh	next-word	0.4994
17	test	109	RPBTh	in-word	0.5943
17	test	109	RPBTh	next-word	0.4903
17	test	109	STSTh	in-word	0.5383
17	test	109	STSTh	next-word	0.4752
18	test	100	CBTh	in-word	0.4081
18	test	100	CBTh	next-word	0.3771
18	test	100	RBTh	in-word	0.4391
18	test	100	RBTh	next-word	0.4655
18	test	100	CPBTh	in-word	0.4369
18	test	100	CPBTh	next-word	0.438
18	test	100	RPBTh	in-word	0.4229
18	test	100	RPBTh	next-word	0.4808
18	test	100	STSTh	in-word	0.4541
18	test	100	STSTh	next-word	0.4435
18	test	101	CBTh	in-word	0.4616
18	test	101	CBTh	next-word	0.4206
18	test	101	RBTh	in-word	0.4602
18	test	101	RBTh	next-word	0.4598
18	test	101	CPBTh	in-word	0.4703
18	test	101	CPBTh	next-word	0.4635
18	test	101	RPBTh	in-word	0.4654
18	test	101	RPBTh	next-word	0.4643
18	test	101	STSTh	in-word	0.4552
18	test	101	STSTh	next-word	0.4685
18	test	102	CBTh	in-word	0.4878
18	test	102	CBTh	next-word	0.4424
18	test	102	RBTh	in-word	0.4713
18	test	102	RBTh	next-word	0.4957
18	test	102	CPBTh	in-word	0.5382
18	test	102	CPBTh	next-word	0.4425
18	test	102	RPBTh	in-word	0.4849
18	test	102	RPBTh	next-word	0.4878
18	test	102	STSTh	in-word	0.4997
18	test	102	STSTh	next-word	0.4788
18	test	103	CBTh	in-word	0.4592
18	test	103	CBTh	next-word	0.4337
18	test	103	RBTh	in-word	0.4932
18	test	103	RBTh	next-word	0.4428
18	test	103	CPBTh	in-word	0.4459
18	test	103	CPBTh	next-word	0.4138
18	test	103	RPBTh	in-word	0.4746
18	test	103	RPBTh	next-word	0.4348
18	test	103	STSTh	in-word	0.4983
18	test	103	STSTh	next-word	0.4422
18	test	104	CBTh	in-word	0.4544
18	test	104	CBTh	next-word	0.3934
18	test	104	RBTh	in-word	0.4816
18	test	104	RBTh	next-word	0.4538
18	test	104	CPBTh	in-word	0.4857
18	test	104	CPBTh	next-word	0.4411
18	test	104	RPBTh	in-word	0.4794
18	test	104	RPBTh	next-word	0.4481
18	test	104	STSTh	in-word	0.4936
18	test	104	STSTh	next-word	0.4676
18	test	105	CBTh	in-word	0.4373
18	test	105	CBTh	next-word	0.4204
18	test	105	RBTh	in-word	0.474
18	test	105	RBTh	next-word	0.4562
18	test	105	CPBTh	in-word	0.439
18	test	105	CPBTh	next-word	0.4037
18	test	105	RPBTh	in-word	0.4945
18	test	105	RPBTh	next-word	0.4791
18	test	105	STSTh	in-word	0.5127
18	test	105	STSTh	next-word	0.4791
18	test	106	CBTh	in-word	0.4938
18	test	106	CBTh	next-word	0.4065
18	test	106	RBTh	in-word	0.5195
18	test	106	RBTh	next-word	0.4529
18	test	106	CPBTh	in-word	0.5112
18	test	106	CPBTh	next-word	0.4289
18	test	106	RPBTh	in-word	0.5059
18	test	106	RPBTh	next-word	0.4581
18	test	106	STSTh	in-word	0.492
18	test	106	STSTh	next-word	0.4649
18	test	107	CBTh	in-word	0.4447
18	test	107	CBTh	next-word	0.4213
18	test	107	RBTh	in-word	0.499
18	test	107	RBTh	next-word	0.4878
18	test	107	CPBTh	in-word	0.494
18	test	107	CPBTh	next-word	0.4641
18	test	107	RPBTh	in-word	0.4885
18	test	107	RPBTh	next-word	0.4867
18	test	107	STSTh	in-word	0.5033
18	test	107	STSTh	next-word	0.475
18	test	108	CBTh	in-word	0.4594
18	test	108	CBTh	next-word	0.4318
18	test	108	RBTh	in-word	0.4926
18	test	108	RBTh	next-word	0.4816
18	test	108	CPBTh	in-word	0.4948
18	test	108	CPBTh	next-word	0.4374
18	test	108	RPBTh	in-word	0.5018
18	test	108	RPBTh	next-word	0.4722
18	test	108	STSTh	in-word	0.5176
18	test	108	STSTh	next-word	0.5004
18	test	109	CBTh	in-word	0.4763
18	test	109	CBTh	next-word	0.4334
18	test	109	RBTh	in-word	0.5103
18	test	109	RBTh	next-word	0.4822
18	test	109	CPBTh	in-word	0.4648
18	test	109	CPBTh	next-word	0.4522
18	test	109	RPBTh	in-word	0.4838
18	test	109	RPBTh	next-word	0.4989
18	test	109	STSTh	in-word	0.5087
18	test	109	STSTh	next-word	0.5037
19	test	100	CBTh	in-word	0.4824
19	test	100	CBTh	next-word	0.3892
19	test	100	RBTh	in-word	0.5228
19	test	100	RBTh	next-word	0.4152
19	test	100	CPBTh	in-word	0.4911
19	test	100	CPBTh	next-word	0.4218
19	test	100	RPBTh	in-word	0.5308
19	test	100	RPBTh	next-word	0.4493
19	test	100	STSTh	in-word	0.5098
19	test	100	STSTh	next-word	0.4364
19	test	101	CBTh	in-word	0.4737
19	test	101	CBTh	next-word	0.4672
19	test	101	RBTh	in-word	0.4998
19	test	101	RBTh	next-word	0.4776
19	test	101	CPBTh	in-word	0.4848
19	test	101	CPBTh	next-word	0.4472
19	test	101	RPBTh	in-word	0.498
19	test	101	RPBTh	next-word	0.49
19	test	101	STSTh	in-word	0.481
19	test	101	STSTh	next-word	0.4667
19	test	102	CBTh	in-word	0.493
19	test	102	CBTh	next-word	0.5043
19	test	102	RBTh	in-word	0.5103
19	test	102	RBTh	next-word	0.4661
19	test	102	CPBTh	in-word	0.5015
19	test	102	CPBTh	next-word	0.4855
19	test	102	RPBTh	in-word	0.5259
19	test	102	RPBTh	next-word	0.4728
19	test	102	STSTh	in-word	0.5303
19	test	102	STSTh	next-word	0.4825
19	test	103	CBTh	in-word	0.4922
19	test	103	CBTh	next-word	0.5179
19	test	103	RBTh	in-word	0.5111
19	test	103	RBTh	next-word	0.4726
19	test	103	CPBTh	in-word	0.5053
19	test	103	CPBTh	next-word	0.5053
19	test	103	RPBTh	in-word	0.5486
19	test	103	RPBTh	next-word	0.4848
19	test	103	STSTh	in-word	0.5427
19	test	103	STSTh	next-word	0.4879
19	test	104	CBTh	in-word	0.499
19	test	104	CBTh	next-word	0.5452
19	test	104	RBTh	in-word	0.5123
19	test	104	RBTh	next-word	0.4933
19	test	104	CPBTh	in-word	0.5133
19	test	104	CPBTh	next-word	0.5187
19	test	104	RPBTh	in-word	0.5192
19	test	104	RPBTh	next-word	0.4732
19	test	104	STSTh	in-word	0.5326
19	test	104	STSTh	next-word	0.5063
19	test	105	CBTh	in-word	0.4878
19	test	105	CBTh	next-word	0.5118
19	test	105	RBTh	in-word	0.5106
19	test	105	RBTh	next-word	0.4726
19	test	105	CPBTh	in-word	0.502
19	test	105	CPBTh	next-word	0.4972
19	test	105	RPBTh	in-word	0.5343
19	test	105	RPBTh	next-word	0.4928
19	test	105	STSTh	in-word	0.5291
19	test	105	STSTh	next-word	0.4966
19	test	106	CBTh	in-word	0.5055
19	test	106	CBTh	next-word	0.4868
19	test	106	RBTh	in-word	0.4889
19	test	106	RBTh	next-word	0.4963
19	test	106	CPBTh	in-word	0.4925
19	test	106	CPBTh	next-word	0.5053
19	test	106	RPBTh	in-word	0.5116
19	test	106	RPBTh	next-word	0.4974
19	test	106	STSTh	in-word	0.5337
19	test	106	STSTh	next-word	0.4888
19	test	107	CBTh	in-word	0.5059
19	test	107	CBTh	next-word	0.5017
19	test	107	RBTh	in-word	0.5101
19	test	107	RBTh	next-word	0.4766
19	test	107	CPBTh	in-word	0.4805
19	test	107	CPBTh	next-word	0.5017
19	test	107	RPBTh	in-word	0.5101
19	test	107	RPBTh	next-word	0.4739
19	test	107	STSTh	in-word	0.518
19	test	107	STSTh	next-word	0.4816
19	test	108	CBTh	in-word	0.5169
19	test	108	CBTh	next-word	0.5405
19	test	108	RBTh	in-word	0.5253
19	test	108	RBTh	next-word	0.4799
19	test	108	CPBTh	in-word	0.5275
19	test	108	CPBTh	next-word	0.5154
19	test	108	RPBTh	in-word	0.538
19	test	108	RPBTh	next-word	0.4886
19	test	108	STSTh	in-word	0.533
19	test	108	STSTh	next-word	0.5058
19	test	109	CBTh	in-word	0.502
19	test	109	CBTh	next-word	0.5142
19	test	109	RBTh	in-word	0.5331
19	test	109	RBTh	next-word	0.5041
19	test	109	CPBTh	in-word	0.5224
19	test	109	CPBTh	next-word	0.515
19	test	109	RPBTh	in-word	0.548
19	test	109	RPBTh	next-word	0.5095
19	test	109	STSTh	in-word	0.5475
19	test	109	STSTh	next-word	0.5061
20	test	100	CBTh	in-word	0.4844
20	test	100	CBTh	next-word	0.4317
20	test	100	RBTh	in-word	0.4926
20	test	100	RBTh	next-word	0.4246
20	test	100	CPBTh	in-word	0.4609
20	test	100	CPBTh	next-word	0.4281
20	test	100	RPBTh	in-word	0.5148
20	test	100	RPBTh	next-word	0.4255
20	test	100	STSTh	in-word	0.526
20	test	100	STSTh	next-word	0.4539
20	test	101	CBTh	in-word	0.5315
20	test	101	CBTh	next-word	0.465
20	test	101	RBTh	in-word	0.5194
20	test	101	RBTh	next-word	0.4436
20	test	101	CPBTh	in-word	0.5189
20	test	101	CPBTh	next-word	0.4588
20	test	101	RPBTh	in-word	0.4991
20	test	101	RPBTh	next-word	0.4492
20	test	101	STSTh	in-word	0.5218
20	test	101	STSTh	next-word	0.4496
20	test	102	CBTh	in-word	0.5434
20	test	102	CBTh	next-word	0.4647
20	test	102	RBTh	in-word	0.5267
20	test	102	RBTh	next-word	0.4348
20	test	102	CPBTh	in-word	0.5511
20	test	102	CPBTh	next-word	0.4651
20	test	102	RPBTh	in-word	0.5473
20	test	102	RPBTh	next-word	0.4579
20	test	102	STSTh	in-word	0.5384
20	test	102	STSTh	next-word	0.4657
20	test	103	CBTh	in-word	0.5601
20	test	103	CBTh	next-word	0.4746
20	test	103	RBTh	in-word	0.5393
20	test	103	RBTh	next-word	0.453
20	test	103	CPBTh	in-word	0.5317
20	test	103	CPBTh	next-word	0.4612
20	test	103	RPBTh	in-word	0.5375
20	test	103	RPBTh	next-word	0.4691
20	test	103	STSTh	in-word	0.5501
20	test	103	STSTh	next-word	0.4563
20	test	104	CBTh	in-word	0.5747
20	test	104	CBTh	next-word	0.4733
20	test	104	RBTh	in-word	0.5428
20	test	104	RBTh	next-word	0.4431
20	test	104	CPBTh	in-word	0.5854
20	test	104	CPBTh	next-word	0.4622
20	test	104	RPBTh	in-word	0.5298
20	test	104	RPBTh	next-word	0.4696
20	test	104	STSTh	in-word	0.5634
20	test	104	STSTh	next-word	0.4643
20	test	105	CBTh	in-word	0.5201
20	test	105	CBTh	next-word	0.472
20	test	105	RBTh	in-word	0.4934
20	test	105	RBTh	next-word	0.4643
20	test	105	CPBTh	in-word	0.5128
20	test	105	CPBTh	next-word	0.4777
20	test	105	RPBTh	in-word	0.4791
20	test	105	RPBTh	next-word	0.4869
20	test	105	STSTh	in-word	0.5264
20	test	105	STSTh	next-word	0.4775
20	test	106	CBTh	in-word	0.5739
20	test	106	CBTh	next-word	0.4915
20	test	106	RBTh	in-word	0.5236
20	test	106	RBTh	next-word	0.4713
20	test	106	CPBTh	in-word	0.569
20	test	106	CPBTh	next-word	0.5194
20	test	106	RPBTh	in-word	0.4977
20	test	106	RPBTh	next-word	0.4907
20	test	106	STSTh	in-word	0.5574
20	test	106	STSTh	next-word	0.4954
20	test	107	CBTh	in-word	0.5486
20	test	107	CBTh	next-word	0.4723
20	test	107	RBTh	in-word	0.5423
20	test	107	RBTh	next-word	0.4991
20	test	107	CPBTh	in-word	0.5115
20	test	107	CPBTh	next-word	0.4529
20	test	107	RPBTh	in-word	0.5474
20	test	107	RPBTh	next-word	0.4833
20	test	107	STSTh	in-word	0.5446
20	test	107	STSTh	next-word	0.472
20	test	108	CBTh	in-word	0.5589
20	test	108	CBTh	next-word	0.4643
20	test	108	RBTh	in-word	0.5306
20	test	108	RBTh	next-word	0.4513
20	test	108	CPBTh	in-word	0.5569
20	test	108	CPBTh	next-word	0.4809
20	test	108	RPBTh	in-word	0.5219
20	test	108	RPBTh	next-word	0.4531
20	test	108	STSTh	in-word	0.568
20	test	108	STSTh	next-word	0.4781
20	test	109	CBTh	in-word	0.5366
20	test	109	CBTh	next-word	0.4936
20	test	109	RBTh	in-word	0.5642
20	test	109	RBTh	next-word	0.4877
20	test	109	CPBTh	in-word	0.5407
20	test	109	CPBTh	next-word	0.4897
20	test	109	RPBTh	in-word	0.5362
20	test	109	RPBTh	next-word	0.497
20	test	109	STSTh	in-word	0.589
20	test	109	STSTh	next-word	0.4943
21	test	100	CBTh	in-word	0.478
21	test	100	CBTh	next-word	0.4198
21	test	100	RBTh	in-word	0.4767
21	test	100	RBTh	next-word	0.4845
21	test	100	CPBTh	in-word	0.4959
21	test	100	CPBTh	next-word	0.4539
21	test	100	RPBTh	in-word	0.4882
21	test	100	RPBTh	next-word	0.5136
21	test	100	STSTh	in-word	0.5173
21	test	100	STSTh	next-word	0.4771
21	test	101	CBTh	in-word	0.4392
21	test	101	CBTh	next-word	0.4525
21	test	101	RBTh	in-word	0.5047
21	test	101	RBTh	next-word	0.4694
21	test	101	CPBTh	in-word	0.4568
21	test	101	CPBTh	next-word	0.4091
21	test	101	RPBTh	in-word	0.5132
21	test	101	RPBTh	next-word	0.4732
21	test	101	STSTh	in-word	0.5077
21	test	101	STSTh	next-word	0.4481
21	test	102	CBTh	in-word	0.4635
21	test	102	CBTh	next-word	0.4626
21	test	102	RBTh	in-word	0.5247
21	test	102	RBTh	next-word	0.5195
21	test	102	CPBTh	in-word	0.4911
21	test	102	CPBTh	next-word	0.4608
21	test	102	RPBTh	in-word	0.533
21	test	102	RPBTh	next-word	0.5098
21	test	102	STSTh	in-word	0.5424
21	test	102	STSTh	next-word	0.5167
21	test	103	CBTh	in-word	0.4845
21	test	103	CBTh	next-word	0.4507
21	test	103	RBTh	in-word	0.5063
21	test	103	RBTh	next-word	0.4754
21	test	103	CPBTh	in-word	0.5241
21	test	103	CPBTh	next-word	0.4467
21	test	103	RPBTh	in-word	0.5255
21	test	103	RPBTh	next-word	0.4551
21	test	103	STSTh	in-word	0.5355
21	test	103	STSTh	next-word	0.4855
21	test	104	CBTh	in-word	0.4787
21	test	104	CBTh	next-word	0.4865
21	test	104	RBTh	in-word	0.507
21	test	104	RBTh	next-word	0.4908
21	test	104	CPBTh	in-word	0.5029
21	test	104	CPBTh	next-word	0.4684
21	test	104	RPBTh	in-word	0.5102
21	test	104	RPBTh	next-word	0.4823
21	test	104	STSTh	in-word	0.5148
21	test	104	STSTh	next-word	0.4913
21	test	105	CBTh	in-word	0.4645
21	test	105	CBTh	next-word	0.4685
21	test	105	RBTh	in-word	0.5039
21	test	105	RBTh	next-word	0.4616
21	test	105	CPBTh	in-word	0.4926
21	test	105	CPBTh	next-word	0.4313
21	test	105	RPBTh	in-word	0.5346
21	test	105	RPBTh	next-word	0.4471
21	test	105	STSTh	in-word	0.5217
21	test	105	STSTh	next-word	0.482
21	test	106	CBTh	in-word	0.4918
21	test	106	CBTh	next-word	0.5043
21	test	106	RBTh	in-word	0.5407
21	test	106	RBTh	next-word	0.4745
21	test	106	CPBTh	in-word	0.5179
21	test	106	CPBTh	next-word	0.4263
21	test	106	RPBTh	in-word	0.526
21	test	106	RPBTh	next-word	0.4513
21	test	106	STSTh	in-word	0.5365
21	test	106	STSTh	next-word	0.469
21	test	107	CBTh	in-word	0.5031
21	test	107	CBTh	next-word	0.4595
21	test	107	RBTh	in-word	0.5217
21	test	107	RBTh	next-word	0.4627
21	test	107	CPBTh	in-word	0.5254
21	test	107	CPBTh	next-word	0.4354
21	test	107	RPBTh	in-word	0.5238
21	test	107	RPBTh	next-word	0.4723
21	test	107	STSTh	in-word	0.5327
21	test	107	STSTh	next-word	0.4769
21	test	108	CBTh	in-word	0.5194
21	test	108	CBTh	next-word	0.4674
21	test	108	RBTh	in-word	0.548
21	test	108	RBTh	next-word	0.4616
21	test	108	CPBTh	in-word	0.5312
21	test	108	CPBTh	next-word	0.4349
21	test	108	RPBTh	in-word	0.5427
21	test	108	RPBTh	next-word	0.4669
21	test	108	STSTh	in-word	0.5417
21	test	108	STSTh	next-word	0.4777
21	test	109	CBTh	in-word	0.5246
21	test	109	CBTh	next-word	0.495
21	test	109	RBTh	in-word	0.546
21	test	109	RBTh	next-word	0.4985
21	test	109	CPBTh	in-word	0.5312
21	test	109	CPBTh	next-word	0.4483
21	test	109	RPBTh	in-word	0.5566
21	test	109	RPBTh	next-word	0.4641
21	test	109	STSTh	in-word	0.5393
21	test	109	STSTh	next-word	0.4829
22	test	100	CBTh	in-word	0.3838
22	test	100	CBTh	next-word	0.436
22	test	100	RBTh	in-word	0.4162
22	test	100	RBTh	next-word	0.4492
22	test	100	CPBTh	in-word	0.4241
22	test	100	CPBTh	next-word	0.4245
22	test	100	RPBTh	in-word	0.463
22	test	100	RPBTh	next-word	0.4582
22	test	100	STSTh	in-word	0.4568
22	test	100	STSTh	next-word	0.4592
22	test	101	CBTh	in-word	0.4634
22	test	101	CBTh	next-word	0.4511
22	test	101	RBTh	in-word	0.4622
22	test	101	RBTh	next-word	0.4938
22	test	101	CPBTh	in-word	0.4952
22	test	101	CPBTh	next-word	0.4372
22	test	101	RPBTh	in-word	0.4715
22	test	101	RPBTh	next-word	0.499
22	test	101	STSTh	in-word	0.5014
22	test	101	STSTh	next-word	0.4882
22	test	102	CBTh	in-word	0.4954
22	test	102	CBTh	next-word	0.4583
22	test	102	RBTh	in-word	0.4529
22	test	102	RBTh	next-word	0.4586
22	test	102	CPBTh	in-word	0.4677
22	test	102	CPBTh	next-word	0.4603
22	test	102	RPBTh	in-word	0.4783
22	test	102	RPBTh	next-word	0.4759
22	test	102	STSTh	in-word	0.4899
22	test	102	STSTh	next-word	0.4678
22	test	103	CBTh	in-word	0.4704
22	test	103	CBTh	next-word	0.4699
22	test	103	RBTh	in-word	0.4825
22	test	103	RBTh	next-word	0.4815
22	test	103	CPBTh	in-word	0.4736
22	test	103	CPBTh	next-word	0.4332
22	test	103	RPBTh	in-word	0.4881
22	test	103	RPBTh	next-word	0.497
22	test	103	STSTh	in-word	0.5125
22	test	103	STSTh	next-word	0.4883
22	test	104	CBTh	in-word	0.4331
22	test	104	CBTh	next-word	0.4502
22	test	104	RBTh	in-word	0.4764
22	test	104	RBTh	next-word	0.511
22	test	104	CPBTh	in-word	0.4338
22	test	104	CPBTh	next-word	0.4739
22	test	104	RPBTh	in-word	0.5007
22	test	104	RPBTh	next-word	0.5409
22	test	104	STSTh	in-word	0.468
22	test	104	STSTh	next-word	0.5077
22	test	105	CBTh	in-word	0.4675
22	test	105	CBTh	next-word	0.4508
22	test	105	RBTh	in-word	0.5052
22	test	105	RBTh	next-word	0.4735
22	test	105	CPBTh	in-word	0.4512
22	test	105	CPBTh	next-word	0.4249
22	test	105	RPBTh	in-word	0.4882
22	test	105	RPBTh	next-word	0.4796
22	test	105	STSTh	in-word	0.5015
22	test	105	STSTh	next-word	0.4304
22	test	106	CBTh	in-word	0.465
22	test	106	CBTh	next-word	0.4293
22	test	106	RBTh	in-word	0.4904
22	test	106	RBTh	next-word	0.4709
22	test	106	CPBTh	in-word	0.4328
22	test	106	CPBTh	next-word	0.4645
22	test	106	RPBTh	in-word	0.477
22	test	106	RPBTh	next-word	0.4688
22	test	106	STSTh	in-word	0.4596
22	test	106	STSTh	next-word	0.4562
22	test	107	CBTh	in-word	0.4819
22	test	107	CBTh	next-word	0.4607
22	test	107	RBTh	in-word	0.5206
22	test	107	RBTh	next-word	0.4613
22	test	107	CPBTh	in-word	0.4983
22	test	107	CPBTh	next-word	0.437
22	test	107	RPBTh	in-word	0.5137
22	test	107	RPBTh	next-word	0.4733
22	test	107	STSTh	in-word	0.5218
22	test	107	STSTh	next-word	0.4721
22	test	108	CBTh	in-word	0.4536
22	test	108	CBTh	next-word	0.467
22	test	108	RBTh	in-word	0.49
22	test	108	RBTh	next-word	0.4785
22	test	108	CPBTh	in-word	0.4821
22	test	108	CPBTh	next-word	0.4511
22	test	108	RPBTh	in-word	0.5148
22	test	108	RPBTh	next-word	0.4693
22	test	108	STSTh	in-word	0.4905
22	test	108	STSTh	next-word	0.485
22	test	109	CBTh	in-word	0.4687
22	test	109	CBTh	next-word	0.4658
22	test	109	RBTh	in-word	0.5003
22	test	109	RBTh	next-word	0.5106
22	test	109	CPBTh	in-word	0.4911
22	test	109	CPBTh	next-word	0.4734
22	test	109	RPBTh	in-word	0.5067
22	test	109	RPBTh	next-word	0.523
22	test	109	STSTh	in-word	0.5029
22	test	109	STSTh	next-word	0.477
23	test	100	CBTh	in-word	0.4554
23	test	100	CBTh	next-word	0.4007
23	test	100	RBTh	in-word	0.4888
23	test	100	RBTh	next-word	0.3905
23	test	100	CPBTh	in-word	0.4224
23	test	100	CPBTh	next-word	0.3694
23	test	100	RPBTh	in-word	0.4867
23	test	100	RPBTh	next-word	0.3814
23	test	100	STSTh	in-word	0.4645
23	test	100	STSTh	next-word	0.3909
23	test	101	CBTh	in-word	0.4909
23	test	101	CBTh	next-word	0.4331
23	test	101	RBTh	in-word	0.5337
23	test	101	RBTh	next-word	0.4506
23	test	101	CPBTh	in-word	0.4974
23	test	101	CPBTh	next-word	0.4045
23	test	101	RPBTh	in-word	0.5132
23	test	101	RPBTh	next-word	0.4403
23	test	101	STSTh	in-word	0.5022
23	test	101	STSTh	next-word	0.4331
23	test	102	CBTh	in-word	0.4946
23	test	102	CBTh	next-word	0.4507
23	test	102	RBTh	in-word	0.5207
23	test	102	RBTh	next-word	0.4582
23	test	102	CPBTh	in-word	0.5003
23	test	102	CPBTh	next-word	0.4244
23	test	102	RPBTh	in-word	0.5221
23	test	102	RPBTh	next-word	0.4376
23	test	102	STSTh	in-word	0.5267
23	test	102	STSTh	next-word	0.4429
23	test	103	CBTh	in-word	0.482
23	test	103	CBTh	next-word	0.4361
23	test	103	RBTh	in-word	0.5199
23	test	103	RBTh	next-word	0.4798
23	test	103	CPBTh	in-word	0.5281
23	test	103	CPBTh	next-word	0.4322
23	test	103	RPBTh	in-word	0.5293
23	test	103	RPBTh	next-word	0.4722
23	test	103	STSTh	in-word	0.5424
23	test	103	STSTh	next-word	0.4416
23	test	104	CBTh	in-word	0.5221
23	test	104	CBTh	next-word	0.4553
23	test	104	RBTh	in-word	0.565
23	test	104	RBTh	next-word	0.4731
23	test	104	CPBTh	in-word	0.4974
23	test	104	CPBTh	next-word	0.4108
23	test	104	RPBTh	in-word	0.5597
23	test	104	RPBTh	next-word	0.4516
23	test	104	STSTh	in-word	0.5451
23	test	104	STSTh	next-word	0.4454
23	test	105	CBTh	in-word	0.5156
23	test	105	CBTh	next-word	0.4611
23	test	105	RBTh	in-word	0.5526
23	test	105	RBTh	next-word	0.5
23	test	105	CPBTh	in-word	0.4834
23	test	105	CPBTh	next-word	0.4329
23	test	105	RPBTh	in-word	0.572
23	test	105	RPBTh	next-word	0.4904
23	test	105	STSTh	in-word	0.5457
23	test	105	STSTh	next-word	0.4681
23	test	106	CBTh	in-word	0.5169
23	test	106	CBTh	next-word	0.4349
23	test	106	RBTh	in-word	0.5474
23	test	106	RBTh	next-word	0.4721
23	test	106	CPBTh	in-word	0.4808
23	test	106	CPBTh	next-word	0.3969
23	test	106	RPBTh	in-word	0.522
23	test	106	RPBTh	next-word	0.441
23	test	106	STSTh	in-word	0.5363
23	test	106	STSTh	next-word	0.4347
23	test	107	CBTh	in-word	0.5009
23	test	107	CBTh	next-word	0.4478
23	test	107	RBTh	in-word	0.5117
23	test	107	RBTh	next-word	0.4746
23	test	107	CPBTh	in-word	0.5211
23	test	107	CPBTh	next-word	0.4034
23	test	107	RPBTh	in-word	0.5129
23	test	107	RPBTh	next-word	0.4935
23	test	107	STSTh	in-word	0.5245
23	test	107	STSTh	next-word	0.4438
23	test	108	CBTh	in-word	0.5115
23	test	108	CBTh	next-word	0.4489
23	test	108	RBTh	in-word	0.5397
23	test	108	RBTh	next-word	0.4696
23	test	108	CPBTh	in-word	0.5184
23	test	108	CPBTh	next-word	0.4374
23	test	108	RPBTh	in-word	0.5431
23	test	108	RPBTh	next-word	0.4901
23	test	108	STSTh	in-word	0.5454
23	test	108	STSTh	next-word	0.4391
23	test	109	CBTh	in-word	0.5161
23	test	109	CBTh	next-word	0.4484
23	test	109	RBTh	in-word	0.5574
23	test	109	RBTh	next-word	0.4881
23	test	109	CPBTh	in-word	0.5304
23	test	109	CPBTh	next-word	0.4281
23	test	109	RPBTh	in-word	0.5318
23	test	109	RPBTh	next-word	0.4865
23	test	109	STSTh	in-word	0.5515
23	test	109	STSTh	next-word	0.4514
24	test	100	CBTh	in-word	0.4005
24	test	100	CBTh	next-word	0.3773
24	test	100	RBTh	in-word	0.3999
24	test	100	RBTh	next-word	0.4038
24	test	100	CPBTh	in-word	0.3991
24	test	100	CPBTh	next-word	0.394
24	test	100	RPBTh	in-word	0.4397
24	test	100	RPBTh	next-word	0.4032
24	test	100	STSTh	in-word	0.4311
24	test	100	STSTh	next-word	0.4065
24	test	101	CBTh	in-word	0.3793
24	test	101	CBTh	next-word	0.405
24	test	101	RBTh	in-word	0.4636
24	test	101	RBTh	next-word	0.4215
24	test	101	CPBTh	in-word	0.4405
24	test	101	CPBTh	next-word	0.403
24	test	101	RPBTh	in-word	0.4875
24	test	101	RPBTh	next-word	0.4426
24	test	101	STSTh	in-word	0.4554
24	test	101	STSTh	next-word	0.4293
24	test	102	CBTh	in-word	0.3937
24	test	102	CBTh	next-word	0.4316
24	test	102	RBTh	in-word	0.4827
24	test	102	RBTh	next-word	0.4503
24	test	102	CPBTh	in-word	0.452
24	test	102	CPBTh	next-word	0.4081
24	test	102	RPBTh	in-word	0.4891
24	test	102	RPBTh	next-word	0.4365
24	test	102	STSTh	in-word	0.4647
24	test	102	STSTh	next-word	0.4324
24	test	103	CBTh	in-word	0.4381
24	test	103	CBTh	next-word	0.4264
24	test	103	RBTh	in-word	0.4324
24	test	103	RBTh	next-word	0.4289
24	test	103	CPBTh	in-word	0.4688
24	test	103	CPBTh	next-word	0.4045
24	test	103	RPBTh	in-word	0.4875
24	test	103	RPBTh	next-word	0.422
24	test	103	STSTh	in-word	0.4974
24	test	103	STSTh	next-word	0.4271
24	test	104	CBTh	in-word	0.4794
24	test	104	CBTh	next-word	0.4088
24	test	104	RBTh	in-word	0.4591
24	test	104	RBTh	next-word	0.4313
24	test	104	CPBTh	in-word	0.4774
24	test	104	CPBTh	next-word	0.3745
24	test	104	RPBTh	in-word	0.4695
24	test	104	RPBTh	next-word	0.4341
24	test	104	STSTh	in-word	0.4667
24	test	104	STSTh	next-word	0.4338
24	test	105	CBTh	in-word	0.4469
24	test	105	CBTh	next-word	0.4488
24	test	105	RBTh	in-word	0.478
24	test	105	RBTh	next-word	0.4441
24	test	105	CPBTh	in-word	0.518
24	test	105	CPBTh	next-word	0.4255
24	test	105	RPBTh	in-word	0.5142
24	test	105	RPBTh	next-word	0.4646
24	test	105	STSTh	in-word	0.5115
24	test	105	STSTh	next-word	0.4502
24	test	106	CBTh	in-word	0.4832
24	test	106	CBTh	next-word	0.4316
24	test	106	RBTh	in-word	0.4552
24	test	106	RBTh	next-word	0.4227
24	test	106	CPBTh	in-word	0.4869
24	test	106	CPBTh	next-word	0.4267
24	test	106	RPBTh	in-word	0.4738
24	test	106	RPBTh	next-word	0.4706
24	test	106	STSTh	in-word	0.4961
24	test	106	STSTh	next-word	0.4354
24	test	107	CBTh	in-word	0.4389
24	test	107	CBTh	next-word	0.4209
24	test	107	RBTh	in-word	0.4764
24	test	107	RBTh	next-word	0.4522
24	test	107	CPBTh	in-word	0.5172
24	test	107	CPBTh	next-word	0.4481
24	test	107	RPBTh	in-word	0.5208
24	test	107	RPBTh	next-word	0.4789
24	test	107	STSTh	in-word	0.5331
24	test	107	STSTh	next-word	0.4606
24	test	108	CBTh	in-word	0.4827
24	test	108	CBTh	next-word	0.4606
24	test	108	RBTh	in-word	0.444
24	test	108	RBTh	next-word	0.4507
24	test	108	CPBTh	in-word	0.5072
24	test	108	CPBTh	next-word	0.4543
24	test	108	RPBTh	in-word	0.509
24	test	108	RPBTh	next-word	0.4742
24	test	108	STSTh	in-word	0.5186
24	test	108	STSTh	next-word	0.446
24	test	109	CBTh	in-word	0.487
24	test	109	CBTh	next-word	0.4633
24	test	109	RBTh	in-word	0.5172
24	test	109	RBTh	next-word	0.4552
24	test	109	CPBTh	in-word	0.5007
24	test	109	CPBTh	next-word	0.46
24	test	109	RPBTh	in-word	0.5307
24	test	109	RPBTh	next-word	0.4629
24	test	109	STSTh	in-word	0.5379
24	test	109	STSTh	next-word	0.4689
0	test	100	CBTh	in-word	0.4392
0	test	100	CBTh	next-word	0.3671
0	test	100	RBTh	in-word	0.4769
0	test	100	RBTh	next-word	0.4243
0	test	100	CPBTh	in-word	0.4186
0	test	100	CPBTh	next-word	0.3531
0	test	100	RPBTh	in-word	0.4696
0	test	100	RPBTh	next-word	0.4244
0	test	100	STSTh	in-word	0.466
0	test	100	STSTh	next-word	0.3957
0	test	101	CBTh	in-word	0.4571
0	test	101	CBTh	next-word	0.4189
0	test	101	RBTh	in-word	0.4996
0	test	101	RBTh	next-word	0.4469
0	test	101	CPBTh	in-word	0.4685
0	test	101	CPBTh	next-word	0.383
0	test	101	RPBTh	in-word	0.4998
0	test	101	RPBTh	next-word	0.4414
0	test	101	STSTh	in-word	0.4662
0	test	101	STSTh	next-word	0.4179
0	test	102	CBTh	in-word	0.4646
0	test	102	CBTh	next-word	0.4216
0	test	102	RBTh	in-word	0.5206
0	test	102	RBTh	next-word	0.4083
0	test	102	CPBTh	in-word	0.4565
0	test	102	CPBTh	next-word	0.4162
0	test	102	RPBTh	in-word	0.5049
0	test	102	RPBTh	next-word	0.4565
0	test	102	STSTh	in-word	0.473
0	test	102	STSTh	next-word	0.4257
0	test	103	CBTh	in-word	0.4631
0	test	103	CBTh	next-word	0.4441
0	test	103	RBTh	in-word	0.5245
0	test	103	RBTh	next-word	0.4353
0	test	103	CPBTh	in-word	0.467
0	test	103	CPBTh	next-word	0.4193
0	test	103	RPBTh	in-word	0.53
0	test	103	RPBTh	next-word	0.4604
0	test	103	STSTh	in-word	0.4855
0	test	103	STSTh	next-word	0.4435
0	test	104	CBTh	in-word	0.4445
0	test	104	CBTh	next-word	0.4585
0	test	104	RBTh	in-word	0.5223
0	test	104	RBTh	next-word	0.448
0	test	104	CPBTh	in-word	0.4856
0	test	104	CPBTh	next-word	0.4545
0	test	104	RPBTh	in-word	0.511
0	test	104	RPBTh	next-word	0.4692
0	test	104	STSTh	in-word	0.4865
0	test	104	STSTh	next-word	0.4505
0	test	105	CBTh	in-word	0.5041
0	test	105	CBTh	next-word	0.4693
0	test	105	RBTh	in-word	0.5221
0	test	105	RBTh	next-word	0.498
0	test	105	CPBTh	in-word	0.528
0	test	105	CPBTh	next-word	0.4717
0	test	105	RPBTh	in-word	0.5487
0	test	105	RPBTh	next-word	0.5077
0	test	105	STSTh	in-word	0.5272
0	test	105	STSTh	next-word	0.4646
0	test	106	CBTh	in-word	0.5158
0	test	106	CBTh	next-word	0.4916
0	test	106	RBTh	in-word	0.5352
0	test	106	RBTh	next-word	0.4627
0	test	106	CPBTh	in-word	0.4521
0	test	106	CPBTh	next-word	0.446
0	test	106	RPBTh	in-word	0.518
0	test	106	RPBTh	next-word	0.4961
0	test	106	STSTh	in-word	0.4867
0	test	106	STSTh	next-word	0.4649
0	test	107	CBTh	in-word	0.5023
0	test	107	CBTh	next-word	0.4653
0	test	107	RBTh	in-word	0.5489
0	test	107	RBTh	next-word	0.4652
0	test	107	CPBTh	in-word	0.5366
0	test	107	CPBTh	next-word	0.4633
0	test	107	RPBTh	in-word	0.5218
0	test	107	RPBTh	next-word	0.4788
0	test	107	STSTh	in-word	0.5387
0	test	107	STSTh	next-word	0.4713
0	test	108	CBTh	in-word	0.4825
0	test	108	CBTh	next-word	0.4666
0	test	108	RBTh	in-word	0.5462
0	test	108	RBTh	next-word	0.476
0	test	108	CPBTh	in-word	0.5097
0	test	108	CPBTh	next-word	0.4559
0	test	108	RPBTh	in-word	0.5688
0	test	108	RPBTh	next-word	0.4742
0	test	108	STSTh	in-word	0.5283
0	test	108	STSTh	next-word	0.4703
0	test	109	CBTh	in-word	0.4508
0	test	109	CBTh	next-word	0.474
0	test	109	RBTh	in-word	0.538
0	test	109	RBTh	next-word	0.4521
0	test	109	CPBTh	in-word	0.4996
0	test	109	CPBTh	next-word	0.4597
0	test	109	RPBTh	in-word	0.5575
0	test	109	RPBTh	next-word	0.4884
0	test	109	STSTh	in-word	0.5043
0	test	109	STSTh	next-word	0.4818
