1	pretest	9	CBTh	in-word	0.06217
1	pretest	9	CBTh	next-word	0.0608
1	pretest	9	RBTh	in-word	0.08652
1	pretest	9	RBTh	next-word	0.09836
1	pretest	9	CPBTh	in-word	0.09543
1	pretest	9	CPBTh	next-word	0.03732
1	pretest	9	RPBTh	in-word	0.07691
1	pretest	9	RPBTh	next-word	0.1055
1	pretest	9	STSTh	in-word	0.1029
1	pretest	9	STSTh	next-word	0.09748
1	pretest	19	CBTh	in-word	0.09976
1	pretest	19	CBTh	next-word	0.1565
1	pretest	19	RBTh	in-word	0.1846
1	pretest	19	RBTh	next-word	0.135
1	pretest	19	CPBTh	in-word	0.127
1	pretest	19	CPBTh	next-word	0.114
1	pretest	19	RPBTh	in-word	0.237
1	pretest	19	RPBTh	next-word	0.2392
1	pretest	19	STSTh	in-word	0.18
1	pretest	19	STSTh	next-word	0.1704
1	pretest	29	CBTh	in-word	0.1695
1	pretest	29	CBTh	next-word	0.1701
1	pretest	29	RBTh	in-word	0.2625
1	pretest	29	RBTh	next-word	0.2648
1	pretest	29	CPBTh	in-word	0.1814
1	pretest	29	CPBTh	next-word	0.1505
1	pretest	29	RPBTh	in-word	0.2421
1	pretest	29	RPBTh	next-word	0.2796
1	pretest	29	STSTh	in-word	0.2322
1	pretest	29	STSTh	next-word	0.2468
1	pretest	39	CBTh	in-word	0.1941
1	pretest	39	CBTh	next-word	0.1684
1	pretest	39	RBTh	in-word	0.3002
1	pretest	39	RBTh	next-word	0.2956
1	pretest	39	CPBTh	in-word	0.2196
1	pretest	39	CPBTh	next-word	0.2249
1	pretest	39	RPBTh	in-word	0.2948
1	pretest	39	RPBTh	next-word	0.3041
1	pretest	39	STSTh	in-word	0.2942
1	pretest	39	STSTh	next-word	0.2836
1	pretest	49	CBTh	in-word	0.2121
1	pretest	49	CBTh	next-word	0.1972
1	pretest	49	RBTh	in-word	0.2666
1	pretest	49	RBTh	next-word	0.2708
1	pretest	49	CPBTh	in-word	0.1855
1	pretest	49	CPBTh	next-word	0.2012
1	pretest	49	RPBTh	in-word	0.2733
1	pretest	49	RPBTh	next-word	0.2825
1	pretest	49	STSTh	in-word	0.2938
1	pretest	49	STSTh	next-word	0.2954
2	pretest	9	CBTh	in-word	0.05405
2	pretest	9	CBTh	next-word	0.09053
2	pretest	9	RBTh	in-word	0.1222
2	pretest	9	RBTh	next-word	0.1017
2	pretest	9	CPBTh	in-word	0.06226
2	pretest	9	CPBTh	next-word	0.09109
2	pretest	9	RPBTh	in-word	0.138
2	pretest	9	RPBTh	next-word	0.08303
2	pretest	9	STSTh	in-word	0.08079
2	pretest	9	STSTh	next-word	0.09012
2	pretest	19	CBTh	in-word	0.07736
2	pretest	19	CBTh	next-word	0.1149
2	pretest	19	RBTh	in-word	0.1926
2	pretest	19	RBTh	next-word	0.1865
2	pretest	19	CPBTh	in-word	0.1104
2	pretest	19	CPBTh	next-word	0.1427
2	pretest	19	RPBTh	in-word	0.2473
2	pretest	19	RPBTh	next-word	0.2365
2	pretest	19	STSTh	in-word	0.1846
2	pretest	19	STSTh	next-word	0.1708
2	pretest	29	CBTh	in-word	0.1687
2	pretest	29	CBTh	next-word	0.1967
2	pretest	29	RBTh	in-word	0.2753
2	pretest	29	RBTh	next-word	0.248
2	pretest	29	CPBTh	in-word	0.1773
2	pretest	29	CPBTh	next-word	0.1971
2	pretest	29	RPBTh	in-word	0.2517
2	pretest	29	RPBTh	next-word	0.2632
2	pretest	29	STSTh	in-word	0.2998
2	pretest	29	STSTh	next-word	0.2917
2	pretest	39	CBTh	in-word	0.187
2	pretest	39	CBTh	next-word	0.183
2	pretest	39	RBTh	in-word	0.2713
2	pretest	39	RBTh	next-word	0.2628
2	pretest	39	CPBTh	in-word	0.1178
2	pretest	39	CPBTh	next-word	0.1518
2	pretest	39	RPBTh	in-word	0.2876
2	pretest	39	RPBTh	next-word	0.1771
2	pretest	39	STSTh	in-word	0.2943
2	pretest	39	STSTh	next-word	0.2395
2	pretest	49	CBTh	in-word	0.2034
2	pretest	49	CBTh	next-word	0.2159
2	pretest	49	RBTh	in-word	0.3469
2	pretest	49	RBTh	next-word	0.3082
2	pretest	49	CPBTh	in-word	0.2603
2	pretest	49	CPBTh	next-word	0.223
2	pretest	49	RPBTh	in-word	0.3408
2	pretest	49	RPBTh	next-word	0.265
2	pretest	49	STSTh	in-word	0.3525
2	pretest	49	STSTh	next-word	0.3133
3	pretest	9	CBTh	in-word	0.01484
3	pretest	9	CBTh	next-word	0.05055
3	pretest	9	RBTh	in-word	0.0828
3	pretest	9	RBTh	next-word	0.1037
3	pretest	9	CPBTh	in-word	0.09346
3	pretest	9	CPBTh	next-word	0.03873
3	pretest	9	RPBTh	in-word	0.07558
3	pretest	9	RPBTh	next-word	0.07308
3	pretest	9	STSTh	in-word	0.1012
3	pretest	9	STSTh	next-word	0.1153
3	pretest	19	CBTh	in-word	0.08042
3	pretest	19	CBTh	next-word	0.08052
3	pretest	19	RBTh	in-word	0.1339
3	pretest	19	RBTh	next-word	0.1387
3	pretest	19	CPBTh	in-word	0.09189
3	pretest	19	CPBTh	next-word	0.09645
3	pretest	19	RPBTh	in-word	0.122
3	pretest	19	RPBTh	next-word	0.1286
3	pretest	19	STSTh	in-word	0.1075
3	pretest	19	STSTh	next-word	0.1295
3	pretest	29	CBTh	in-word	0.119
3	pretest	29	CBTh	next-word	0.1386
3	pretest	29	RBTh	in-word	0.2135
3	pretest	29	RBTh	next-word	0.2296
3	pretest	29	CPBTh	in-word	0.1073
3	pretest	29	CPBTh	next-word	0.09948
3	pretest	29	RPBTh	in-word	0.1529
3	pretest	29	RPBTh	next-word	0.171
3	pretest	29	STSTh	in-word	0.1884
3	pretest	29	STSTh	next-word	0.1962
3	pretest	39	CBTh	in-word	0.1133
3	pretest	39	CBTh	next-word	0.1401
3	pretest	39	RBTh	in-word	0.2041
3	pretest	39	RBTh	next-word	0.2357
3	pretest	39	CPBTh	in-word	0.05996
3	pretest	39	CPBTh	next-word	0.1204
3	pretest	39	RPBTh	in-word	0.1728
3	pretest	39	RPBTh	next-word	0.2134
3	pretest	39	STSTh	in-word	0.1992
3	pretest	39	STSTh	next-word	0.1992
3	pretest	49	CBTh	in-word	0.1684
3	pretest	49	CBTh	next-word	0.1676
3	pretest	49	RBTh	in-word	0.2718
3	pretest	49	RBTh	next-word	0.2758
3	pretest	49	CPBTh	in-word	0.1244
3	pretest	49	CPBTh	next-word	0.1248
3	pretest	49	RPBTh	in-word	0.2056
3	pretest	49	RPBTh	next-word	0.1987
3	pretest	49	STSTh	in-word	0.251
3	pretest	49	STSTh	next-word	0.2533
4	pretest	9	CBTh	in-word	0.02154
4	pretest	9	CBTh	next-word	0.0736
4	pretest	9	RBTh	in-word	0.1316
4	pretest	9	RBTh	next-word	0.09685
4	pretest	9	CPBTh	in-word	0.09257
4	pretest	9	CPBTh	next-word	0.07612
4	pretest	9	RPBTh	in-word	0.1346
4	pretest	9	RPBTh	next-word	0.1347
4	pretest	9	STSTh	in-word	0.1004
4	pretest	9	STSTh	next-word	0.1069
4	pretest	19	CBTh	in-word	0.09824
4	pretest	19	CBTh	next-word	0.1177
4	pretest	19	RBTh	in-word	0.1804
4	pretest	19	RBTh	next-word	0.1898
4	pretest	19	CPBTh	in-word	0.117
4	pretest	19	CPBTh	next-word	0.1116
4	pretest	19	RPBTh	in-word	0.1831
4	pretest	19	RPBTh	next-word	0.1905
4	pretest	19	STSTh	in-word	0.1361
4	pretest	19	STSTh	next-word	0.1736
4	pretest	29	CBTh	in-word	0.1362
4	pretest	29	CBTh	next-word	0.1868
4	pretest	29	RBTh	in-word	0.2172
4	pretest	29	RBTh	next-word	0.2624
4	pretest	29	CPBTh	in-word	0.1227
4	pretest	29	CPBTh	next-word	0.1197
4	pretest	29	RPBTh	in-word	0.2182
4	pretest	29	RPBTh	next-word	0.2107
4	pretest	29	STSTh	in-word	0.21
4	pretest	29	STSTh	next-word	0.2464
4	pretest	39	CBTh	in-word	0.1747
4	pretest	39	CBTh	next-word	0.1824
4	pretest	39	RBTh	in-word	0.25
4	pretest	39	RBTh	next-word	0.2689
4	pretest	39	CPBTh	in-word	0.1162
4	pretest	39	CPBTh	next-word	0.156
4	pretest	39	RPBTh	in-word	0.2286
4	pretest	39	RPBTh	next-word	0.2163
4	pretest	39	STSTh	in-word	0.2396
4	pretest	39	STSTh	next-word	0.2721
4	pretest	49	CBTh	in-word	0.1793
4	pretest	49	CBTh	next-word	0.1999
4	pretest	49	RBTh	in-word	0.2517
4	pretest	49	RBTh	next-word	0.2598
4	pretest	49	CPBTh	in-word	0.1137
4	pretest	49	CPBTh	next-word	0.1385
4	pretest	49	RPBTh	in-word	0.2751
4	pretest	49	RPBTh	next-word	0.2327
4	pretest	49	STSTh	in-word	0.2877
4	pretest	49	STSTh	next-word	0.2824
5	pretest	9	CBTh	in-word	0.07227
5	pretest	9	CBTh	next-word	0.101
5	pretest	9	RBTh	in-word	0.1276
5	pretest	9	RBTh	next-word	0.1442
5	pretest	9	CPBTh	in-word	0.05548
5	pretest	9	CPBTh	next-word	0.1163
5	pretest	9	RPBTh	in-word	0.1657
5	pretest	9	RPBTh	next-word	0.1155
5	pretest	9	STSTh	in-word	0.1361
5	pretest	9	STSTh	next-word	0.1435
5	pretest	19	CBTh	in-word	0.1363
5	pretest	19	CBTh	next-word	0.1276
5	pretest	19	RBTh	in-word	0.2296
5	pretest	19	RBTh	next-word	0.1977
5	pretest	19	CPBTh	in-word	0.1368
5	pretest	19	CPBTh	next-word	0.126
5	pretest	19	RPBTh	in-word	0.2403
5	pretest	19	RPBTh	next-word	0.2089
5	pretest	19	STSTh	in-word	0.2093
5	pretest	19	STSTh	next-word	0.2127
5	pretest	29	CBTh	in-word	0.1703
5	pretest	29	CBTh	next-word	0.1594
5	pretest	29	RBTh	in-word	0.2375
5	pretest	29	RBTh	next-word	0.2094
5	pretest	29	CPBTh	in-word	0.1641
5	pretest	29	CPBTh	next-word	0.1424
5	pretest	29	RPBTh	in-word	0.2757
5	pretest	29	RPBTh	next-word	0.2466
5	pretest	29	STSTh	in-word	0.2907
5	pretest	29	STSTh	next-word	0.2189
5	pretest	39	CBTh	in-word	0.1906
5	pretest	39	CBTh	next-word	0.1628
5	pretest	39	RBTh	in-word	0.2371
5	pretest	39	RBTh	next-word	0.201
5	pretest	39	CPBTh	in-word	0.1492
5	pretest	39	CPBTh	next-word	0.1463
5	pretest	39	RPBTh	in-word	0.2424
5	pretest	39	RPBTh	next-word	0.1867
5	pretest	39	STSTh	in-word	0.2451
5	pretest	39	STSTh	next-word	0.2156
5	pretest	49	CBTh	in-word	0.239
5	pretest	49	CBTh	next-word	0.1914
5	pretest	49	RBTh	in-word	0.3366
5	pretest	49	RBTh	next-word	0.3134
5	pretest	49	CPBTh	in-word	0.149
5	pretest	49	CPBTh	next-word	0.173
5	pretest	49	RPBTh	in-word	0.3062
5	pretest	49	RPBTh	next-word	0.282
5	pretest	49	STSTh	in-word	0.3299
5	pretest	49	STSTh	next-word	0.283
6	pretest	9	CBTh	in-word	0.05579
6	pretest	9	CBTh	next-word	0.07437
6	pretest	9	RBTh	in-word	0.1507
6	pretest	9	RBTh	next-word	0.09885
6	pretest	9	CPBTh	in-word	0.09046
6	pretest	9	CPBTh	next-word	0.06329
6	pretest	9	RPBTh	in-word	0.153
6	pretest	9	RPBTh	next-word	0.116
6	pretest	9	STSTh	in-word	0.09958
6	pretest	9	STSTh	next-word	0.1442
6	pretest	19	CBTh	in-word	0.1102
6	pretest	19	CBTh	next-word	0.09918
6	pretest	19	RBTh	in-word	0.165
6	pretest	19	RBTh	next-word	0.1635
6	pretest	19	CPBTh	in-word	0.1273
6	pretest	19	CPBTh	next-word	0.09633
6	pretest	19	RPBTh	in-word	0.1964
6	pretest	19	RPBTh	next-word	0.1835
6	pretest	19	STSTh	in-word	0.1516
6	pretest	19	STSTh	next-word	0.1724
6	pretest	29	CBTh	in-word	0.1351
6	pretest	29	CBTh	next-word	0.1566
6	pretest	29	RBTh	in-word	0.2307
6	pretest	29	RBTh	next-word	0.218
6	pretest	29	CPBTh	in-word	0.08097
6	pretest	29	CPBTh	next-word	0.1084
6	pretest	29	RPBTh	in-word	0.2021
6	pretest	29	RPBTh	next-word	0.2491
6	pretest	29	STSTh	in-word	0.1513
6	pretest	29	STSTh	next-word	0.2083
6	pretest	39	CBTh	in-word	0.1246
6	pretest	39	CBTh	next-word	0.1354
6	pretest	39	RBTh	in-word	0.2153
6	pretest	39	RBTh	next-word	0.1903
6	pretest	39	CPBTh	in-word	0.1462
6	pretest	39	CPBTh	next-word	0.1365
6	pretest	39	RPBTh	in-word	0.2045
6	pretest	39	RPBTh	next-word	0.1888
6	pretest	39	STSTh	in-word	0.2261
6	pretest	39	STSTh	next-word	0.2169
6	pretest	49	CBTh	in-word	0.1155
6	pretest	49	CBTh	next-word	0.1625
6	pretest	49	RBTh	in-word	0.2625
6	pretest	49	RBTh	next-word	0.2084
6	pretest	49	CPBTh	in-word	0.1308
6	pretest	49	CPBTh	next-word	0.1564
6	pretest	49	RPBTh	in-word	0.1605
6	pretest	49	RPBTh	next-word	0.1254
6	pretest	49	STSTh	in-word	0.2135
6	pretest	49	STSTh	next-word	0.2194
7	pretest	9	CBTh	in-word	0.04201
7	pretest	9	CBTh	next-word	0.0402
7	pretest	9	RBTh	in-word	0.08827
7	pretest	9	RBTh	next-word	0.08475
7	pretest	9	CPBTh	in-word	0.07073
7	pretest	9	CPBTh	next-word	0.02691
7	pretest	9	RPBTh	in-word	0.09268
7	pretest	9	RPBTh	next-word	0.06737
7	pretest	9	STSTh	in-word	0.08337
7	pretest	9	STSTh	next-word	0.09642
7	pretest	19	CBTh	in-word	0.03527
7	pretest	19	CBTh	next-word	0.06069
7	pretest	19	RBTh	in-word	0.1187
7	pretest	19	RBTh	next-word	0.1265
7	pretest	19	CPBTh	in-word	0.08187
7	pretest	19	CPBTh	next-word	0.07534
7	pretest	19	RPBTh	in-word	0.1474
7	pretest	19	RPBTh	next-word	0.1438
7	pretest	19	STSTh	in-word	0.1292
7	pretest	19	STSTh	next-word	0.1435
7	pretest	29	CBTh	in-word	0.1592
7	pretest	29	CBTh	next-word	0.1932
7	pretest	29	RBTh	in-word	0.2662
7	pretest	29	RBTh	next-word	0.1844
7	pretest	29	CPBTh	in-word	0.1399
7	pretest	29	CPBTh	next-word	0.09016
7	pretest	29	RPBTh	in-word	0.2734
7	pretest	29	RPBTh	next-word	0.2004
7	pretest	29	STSTh	in-word	0.251
7	pretest	29	STSTh	next-word	0.1861
7	pretest	39	CBTh	in-word	0.1528
7	pretest	39	CBTh	next-word	0.1632
7	pretest	39	RBTh	in-word	0.2249
7	pretest	39	RBTh	next-word	0.2449
7	pretest	39	CPBTh	in-word	0.1127
7	pretest	39	CPBTh	next-word	0.1016
7	pretest	39	RPBTh	in-word	0.2016
7	pretest	39	RPBTh	next-word	0.2052
7	pretest	39	STSTh	in-word	0.2356
7	pretest	39	STSTh	next-word	0.2204
7	pretest	49	CBTh	in-word	0.2373
7	pretest	49	CBTh	next-word	0.2333
7	pretest	49	RBTh	in-word	0.3445
7	pretest	49	RBTh	next-word	0.2627
7	pretest	49	CPBTh	in-word	0.2097
7	pretest	49	CPBTh	next-word	0.1613
7	pretest	49	RPBTh	in-word	0.3467
7	pretest	49	RPBTh	next-word	0.2277
7	pretest	49	STSTh	in-word	0.3224
7	pretest	49	STSTh	next-word	0.2802
8	pretest	9	CBTh	in-word	0.0194
8	pretest	9	CBTh	next-word	0.05451
8	pretest	9	RBTh	in-word	0.1071
8	pretest	9	RBTh	next-word	0.06163
8	pretest	9	CPBTh	in-word	0.06133
8	pretest	9	CPBTh	next-word	0.05718
8	pretest	9	RPBTh	in-word	0.1315
8	pretest	9	RPBTh	next-word	0.1004
8	pretest	9	STSTh	in-word	0.09355
8	pretest	9	STSTh	next-word	0.09326
8	pretest	19	CBTh	in-word	0.06619
8	pretest	19	CBTh	next-word	0.08139
8	pretest	19	RBTh	in-word	0.1489
8	pretest	19	RBTh	next-word	0.1498
8	pretest	19	CPBTh	in-word	0.09882
8	pretest	19	CPBTh	next-word	0.09162
8	pretest	19	RPBTh	in-word	0.0997
8	pretest	19	RPBTh	next-word	0.1478
8	pretest	19	STSTh	in-word	0.128
8	pretest	19	STSTh	next-word	0.1148
8	pretest	29	CBTh	in-word	0.07404
8	pretest	29	CBTh	next-word	0.09935
8	pretest	29	RBTh	in-word	0.1581
8	pretest	29	RBTh	next-word	0.1718
8	pretest	29	CPBTh	in-word	0.08469
8	pretest	29	CPBTh	next-word	0.09568
8	pretest	29	RPBTh	in-word	0.1465
8	pretest	29	RPBTh	next-word	0.1493
8	pretest	29	STSTh	in-word	0.1798
8	pretest	29	STSTh	next-word	0.1701
8	pretest	39	CBTh	in-word	0.1275
8	pretest	39	CBTh	next-word	0.1704
8	pretest	39	RBTh	in-word	0.2079
8	pretest	39	RBTh	next-word	0.2336
8	pretest	39	CPBTh	in-word	0.1387
8	pretest	39	CPBTh	next-word	0.1527
8	pretest	39	RPBTh	in-word	0.1921
8	pretest	39	RPBTh	next-word	0.1841
8	pretest	39	STSTh	in-word	0.2459
8	pretest	39	STSTh	next-word	0.1888
8	pretest	49	CBTh	in-word	0.1144
8	pretest	49	CBTh	next-word	0.1793
8	pretest	49	RBTh	in-word	0.2936
8	pretest	49	RBTh	next-word	0.2739
8	pretest	49	CPBTh	in-word	0.1207
8	pretest	49	CPBTh	next-word	0.2056
8	pretest	49	RPBTh	in-word	0.2291
8	pretest	49	RPBTh	next-word	0.2494
8	pretest	49	STSTh	in-word	0.2407
8	pretest	49	STSTh	next-word	0.2331
9	pretest	9	CBTh	in-word	0.07179
9	pretest	9	CBTh	next-word	0.08515
9	pretest	9	RBTh	in-word	0.1693
9	pretest	9	RBTh	next-word	0.1394
9	pretest	9	CPBTh	in-word	0.1275
9	pretest	9	CPBTh	next-word	0.08043
9	pretest	9	RPBTh	in-word	0.1905
9	pretest	9	RPBTh	next-word	0.1347
9	pretest	9	STSTh	in-word	0.1694
9	pretest	9	STSTh	next-word	0.1405
9	pretest	19	CBTh	in-word	0.1205
9	pretest	19	CBTh	next-word	0.1493
9	pretest	19	RBTh	in-word	0.2095
9	pretest	19	RBTh	next-word	0.1994
9	pretest	19	CPBTh	in-word	0.1867
9	pretest	19	CPBTh	next-word	0.12
9	pretest	19	RPBTh	in-word	0.1906
9	pretest	19	RPBTh	next-word	0.2385
9	pretest	19	STSTh	in-word	0.1877
9	pretest	19	STSTh	next-word	0.185
9	pretest	29	CBTh	in-word	0.1815
9	pretest	29	CBTh	next-word	0.1498
9	pretest	29	RBTh	in-word	0.2474
9	pretest	29	RBTh	next-word	0.238
9	pretest	29	CPBTh	in-word	0.1208
9	pretest	29	CPBTh	next-word	0.1256
9	pretest	29	RPBTh	in-word	0.1755
9	pretest	29	RPBTh	next-word	0.2588
9	pretest	29	STSTh	in-word	0.197
9	pretest	29	STSTh	next-word	0.2132
9	pretest	39	CBTh	in-word	0.1959
9	pretest	39	CBTh	next-word	0.1474
9	pretest	39	RBTh	in-word	0.3045
9	pretest	39	RBTh	next-word	0.2496
9	pretest	39	CPBTh	in-word	0.2081
9	pretest	39	CPBTh	next-word	0.1279
9	pretest	39	RPBTh	in-word	0.255
9	pretest	39	RPBTh	next-word	0.2714
9	pretest	39	STSTh	in-word	0.2355
9	pretest	39	STSTh	next-word	0.2198
9	pretest	49	CBTh	in-word	0.2286
9	pretest	49	CBTh	next-word	0.142
9	pretest	49	RBTh	in-word	0.3735
9	pretest	49	RBTh	next-word	0.3202
9	pretest	49	CPBTh	in-word	0.1685
9	pretest	49	CPBTh	next-word	0.1647
9	pretest	49	RPBTh	in-word	0.2672
9	pretest	49	RPBTh	next-word	0.2739
9	pretest	49	STSTh	in-word	0.2887
9	pretest	49	STSTh	next-word	0.2589
10	pretest	9	CBTh	in-word	0.04358
10	pretest	9	CBTh	next-word	0.08243
10	pretest	9	RBTh	in-word	0.1434
10	pretest	9	RBTh	next-word	0.1321
10	pretest	9	CPBTh	in-word	0.08146
10	pretest	9	CPBTh	next-word	0.04698
10	pretest	9	RPBTh	in-word	0.1237
10	pretest	9	RPBTh	next-word	0.1159
10	pretest	9	STSTh	in-word	0.1696
10	pretest	9	STSTh	next-word	0.1012
10	pretest	19	CBTh	in-word	0.1081
10	pretest	19	CBTh	next-word	0.0808
10	pretest	19	RBTh	in-word	0.2048
10	pretest	19	RBTh	next-word	0.1155
10	pretest	19	CPBTh	in-word	0.1166
10	pretest	19	CPBTh	next-word	0.07924
10	pretest	19	RPBTh	in-word	0.1665
10	pretest	19	RPBTh	next-word	0.1201
10	pretest	19	STSTh	in-word	0.1911
10	pretest	19	STSTh	next-word	0.156
10	pretest	29	CBTh	in-word	0.1636
10	pretest	29	CBTh	next-word	0.09297
10	pretest	29	RBTh	in-word	0.2265
10	pretest	29	RBTh	next-word	0.1791
10	pretest	29	CPBTh	in-word	0.1181
10	pretest	29	CPBTh	next-word	0.09249
10	pretest	29	RPBTh	in-word	0.2383
10	pretest	29	RPBTh	next-word	0.1756
10	pretest	29	STSTh	in-word	0.2469
10	pretest	29	STSTh	next-word	0.169
10	pretest	39	CBTh	in-word	0.2358
10	pretest	39	CBTh	next-word	0.1531
10	pretest	39	RBTh	in-word	0.3341
10	pretest	39	RBTh	next-word	0.2897
10	pretest	39	CPBTh	in-word	0.2516
10	pretest	39	CPBTh	next-word	0.1583
10	pretest	39	RPBTh	in-word	0.268
10	pretest	39	RPBTh	next-word	0.2703
10	pretest	39	STSTh	in-word	0.3264
10	pretest	39	STSTh	next-word	0.2813
10	pretest	49	CBTh	in-word	0.2197
10	pretest	49	CBTh	next-word	0.1489
10	pretest	49	RBTh	in-word	0.3173
10	pretest	49	RBTh	next-word	0.3021
10	pretest	49	CPBTh	in-word	0.1694
10	pretest	49	CPBTh	next-word	0.1093
10	pretest	49	RPBTh	in-word	0.2575
10	pretest	49	RPBTh	next-word	0.2613
10	pretest	49	STSTh	in-word	0.2821
10	pretest	49	STSTh	next-word	0.2384
11	pretest	9	CBTh	in-word	0.07665
11	pretest	9	CBTh	next-word	0.07584
11	pretest	9	RBTh	in-word	0.1465
11	pretest	9	RBTh	next-word	0.1257
11	pretest	9	CPBTh	in-word	0.0681
11	pretest	9	CPBTh	next-word	0.05225
11	pretest	9	RPBTh	in-word	0.1557
11	pretest	9	RPBTh	next-word	0.1206
11	pretest	9	STSTh	in-word	0.1271
11	pretest	9	STSTh	next-word	0.09747
11	pretest	19	CBTh	in-word	0.101
11	pretest	19	CBTh	next-word	0.07172
11	pretest	19	RBTh	in-word	0.1884
11	pretest	19	RBTh	next-word	0.178
11	pretest	19	CPBTh	in-word	0.1139
11	pretest	19	CPBTh	next-word	0.0832
11	pretest	19	RPBTh	in-word	0.2162
11	pretest	19	RPBTh	next-word	0.1504
11	pretest	19	STSTh	in-word	0.1409
11	pretest	19	STSTh	next-word	0.1431
11	pretest	29	CBTh	in-word	0.1929
11	pretest	29	CBTh	next-word	0.1166
11	pretest	29	RBTh	in-word	0.2351
11	pretest	29	RBTh	next-word	0.2096
11	pretest	29	CPBTh	in-word	0.09238
11	pretest	29	CPBTh	next-word	0.104
11	pretest	29	RPBTh	in-word	0.2277
11	pretest	29	RPBTh	next-word	0.1953
11	pretest	29	STSTh	in-word	0.2043
11	pretest	29	STSTh	next-word	0.181
11	pretest	39	CBTh	in-word	0.2052
11	pretest	39	CBTh	next-word	0.166
11	pretest	39	RBTh	in-word	0.2592
11	pretest	39	RBTh	next-word	0.2228
11	pretest	39	CPBTh	in-word	0.1661
11	pretest	39	CPBTh	next-word	0.1493
11	pretest	39	RPBTh	in-word	0.2519
11	pretest	39	RPBTh	next-word	0.2038
11	pretest	39	STSTh	in-word	0.2633
11	pretest	39	STSTh	next-word	0.2309
11	pretest	49	CBTh	in-word	0.2202
11	pretest	49	CBTh	next-word	0.1862
11	pretest	49	RBTh	in-word	0.3497
11	pretest	49	RBTh	next-word	0.2808
11	pretest	49	CPBTh	in-word	0.1712
11	pretest	49	CPBTh	next-word	0.1583
11	pretest	49	RPBTh	in-word	0.334
11	pretest	49	RPBTh	next-word	0.2897
11	pretest	49	STSTh	in-word	0.3209
11	pretest	49	STSTh	next-word	0.2846
12	pretest	9	CBTh	in-word	0.03682
12	pretest	9	CBTh	next-word	0.0627
12	pretest	9	RBTh	in-word	0.1148
12	pretest	9	RBTh	next-word	0.1151
12	pretest	9	CPBTh	in-word	0.08342
12	pretest	9	CPBTh	next-word	0.07397
12	pretest	9	RPBTh	in-word	0.1161
12	pretest	9	RPBTh	next-word	0.1297
12	pretest	9	STSTh	in-word	0.0876
12	pretest	9	STSTh	next-word	0.1054
12	pretest	19	CBTh	in-word	0.06411
12	pretest	19	CBTh	next-word	0.08485
12	pretest	19	RBTh	in-word	0.1774
12	pretest	19	RBTh	next-word	0.1226
12	pretest	19	CPBTh	in-word	0.1063
12	pretest	19	CPBTh	next-word	0.1014
12	pretest	19	RPBTh	in-word	0.1665
12	pretest	19	RPBTh	next-word	0.1622
12	pretest	19	STSTh	in-word	0.09168
12	pretest	19	STSTh	next-word	0.1409
12	pretest	29	CBTh	in-word	0.121
12	pretest	29	CBTh	next-word	0.1343
12	pretest	29	RBTh	in-word	0.2064
12	pretest	29	RBTh	next-word	0.2123
12	pretest	29	CPBTh	in-word	0.09567
12	pretest	29	CPBTh	next-word	0.1486
12	pretest	29	RPBTh	in-word	0.1939
12	pretest	29	RPBTh	next-word	0.2415
12	pretest	29	STSTh	in-word	0.1737
12	pretest	29	STSTh	next-word	0.2333
12	pretest	39	CBTh	in-word	0.1656
12	pretest	39	CBTh	next-word	0.178
12	pretest	39	RBTh	in-word	0.3123
12	pretest	39	RBTh	next-word	0.291
12	pretest	39	CPBTh	in-word	0.1437
12	pretest	39	CPBTh	next-word	0.1693
12	pretest	39	RPBTh	in-word	0.2065
12	pretest	39	RPBTh	next-word	0.2802
12	pretest	39	STSTh	in-word	0.2554
12	pretest	39	STSTh	next-word	0.2854
12	pretest	49	CBTh	in-word	0.1853
12	pretest	49	CBTh	next-word	0.1942
12	pretest	49	RBTh	in-word	0.3308
12	pretest	49	RBTh	next-word	0.2894
12	pretest	49	CPBTh	in-word	0.09478
12	pretest	49	CPBTh	next-word	0.1195
12	pretest	49	RPBTh	in-word	0.2907
12	pretest	49	RPBTh	next-word	0.2858
12	pretest	49	STSTh	in-word	0.2457
12	pretest	49	STSTh	next-word	0.238
13	pretest	9	CBTh	in-word	0.05595
13	pretest	9	CBTh	next-word	0.04009
13	pretest	9	RBTh	in-word	0.06787
13	pretest	9	RBTh	next-word	0.1493
13	pretest	9	CPBTh	in-word	0.08217
13	pretest	9	CPBTh	next-word	0.08246
13	pretest	9	RPBTh	in-word	0.09905
13	pretest	9	RPBTh	next-word	0.09538
13	pretest	9	STSTh	in-word	0.1012
13	pretest	9	STSTh	next-word	0.105
13	pretest	19	CBTh	in-word	0.127
13	pretest	19	CBTh	next-word	0.09198
13	pretest	19	RBTh	in-word	0.2107
13	pretest	19	RBTh	next-word	0.1796
13	pretest	19	CPBTh	in-word	0.1186
13	pretest	19	CPBTh	next-word	0.1304
13	pretest	19	RPBTh	in-word	0.1594
13	pretest	19	RPBTh	next-word	0.1518
13	pretest	19	STSTh	in-word	0.1813
13	pretest	19	STSTh	next-word	0.1875
13	pretest	29	CBTh	in-word	0.1868
13	pretest	29	CBTh	next-word	0.1633
13	pretest	29	RBTh	in-word	0.2645
13	pretest	29	RBTh	next-word	0.2615
13	pretest	29	CPBTh	in-word	0.1778
13	pretest	29	CPBTh	next-word	0.1369
13	pretest	29	RPBTh	in-word	0.2224
13	pretest	29	RPBTh	next-word	0.2191
13	pretest	29	STSTh	in-word	0.2376
13	pretest	29	STSTh	next-word	0.234
13	pretest	39	CBTh	in-word	0.198
13	pretest	39	CBTh	next-word	0.1558
13	pretest	39	RBTh	in-word	0.3242
13	pretest	39	RBTh	next-word	0.2356
13	pretest	39	CPBTh	in-word	0.243
13	pretest	39	CPBTh	next-word	0.1591
13	pretest	39	RPBTh	in-word	0.261
13	pretest	39	RPBTh	next-word	0.2393
13	pretest	39	STSTh	in-word	0.2619
13	pretest	39	STSTh	next-word	0.2437
13	pretest	49	CBTh	in-word	0.1943
13	pretest	49	CBTh	next-word	0.1603
13	pretest	49	RBTh	in-word	0.2499
13	pretest	49	RBTh	next-word	0.2657
13	pretest	49	CPBTh	in-word	0.1966
13	pretest	49	CPBTh	next-word	0.2006
13	pretest	49	RPBTh	in-word	0.256
13	pretest	49	RPBTh	next-word	0.2452
13	pretest	49	STSTh	in-word	0.2461
13	pretest	49	STSTh	next-word	0.2553
14	pretest	9	CBTh	in-word	0.04243
14	pretest	9	CBTh	next-word	0.03268
14	pretest	9	RBTh	in-word	0.1311
14	pretest	9	RBTh	next-word	0.09154
14	pretest	9	CPBTh	in-word	0.1062
14	pretest	9	CPBTh	next-word	0.0501
14	pretest	9	RPBTh	in-word	0.1443
14	pretest	9	RPBTh	next-word	0.09472
14	pretest	9	STSTh	in-word	0.1454
14	pretest	9	STSTh	next-word	0.09161
14	pretest	19	CBTh	in-word	0.1545
14	pretest	19	CBTh	next-word	0.09121
14	pretest	19	RBTh	in-word	0.1797
14	pretest	19	RBTh	next-word	0.1775
14	pretest	19	CPBTh	in-word	0.1217
14	pretest	19	CPBTh	next-word	0.07234
14	pretest	19	RPBTh	in-word	0.1904
14	pretest	19	RPBTh	next-word	0.1867
14	pretest	19	STSTh	in-word	0.1807
14	pretest	19	STSTh	next-word	0.1544
14	pretest	29	CBTh	in-word	0.1468
14	pretest	29	CBTh	next-word	0.1216
14	pretest	29	RBTh	in-word	0.2298
14	pretest	29	RBTh	next-word	0.2463
14	pretest	29	CPBTh	in-word	0.1168
14	pretest	29	CPBTh	next-word	0.1343
14	pretest	29	RPBTh	in-word	0.2254
14	pretest	29	RPBTh	next-word	0.2214
14	pretest	29	STSTh	in-word	0.2324
14	pretest	29	STSTh	next-word	0.2221
14	pretest	39	CBTh	in-word	0.2127
14	pretest	39	CBTh	next-word	0.157
14	pretest	39	RBTh	in-word	0.3353
14	pretest	39	RBTh	next-word	0.3033
14	pretest	39	CPBTh	in-word	0.1753
14	pretest	39	CPBTh	next-word	0.1664
14	pretest	39	RPBTh	in-word	0.3402
14	pretest	39	RPBTh	next-word	0.319
14	pretest	39	STSTh	in-word	0.3618
14	pretest	39	STSTh	next-word	0.3034
14	pretest	49	CBTh	in-word	0.225
14	pretest	49	CBTh	next-word	0.2104
14	pretest	49	RBTh	in-word	0.3513
14	pretest	49	RBTh	next-word	0.3416
14	pretest	49	CPBTh	in-word	0.2275
14	pretest	49	CPBTh	next-word	0.1962
14	pretest	49	RPBTh	in-word	0.3498
14	pretest	49	RPBTh	next-word	0.3379
14	pretest	49	STSTh	in-word	0.362
14	pretest	49	STSTh	next-word	0.3292
15	pretest	9	CBTh	in-word	0.02882
15	pretest	9	CBTh	next-word	0.08553
15	pretest	9	RBTh	in-word	0.1307
15	pretest	9	RBTh	next-word	0.09956
15	pretest	9	CPBTh	in-word	0.08299
15	pretest	9	CPBTh	next-word	0.05367
15	pretest	9	RPBTh	in-word	0.1095
15	pretest	9	RPBTh	next-word	0.1159
15	pretest	9	STSTh	in-word	0.08108
15	pretest	9	STSTh	next-word	0.1092
15	pretest	19	CBTh	in-word	0.04703
15	pretest	19	CBTh	next-word	0.1258
15	pretest	19	RBTh	in-word	0.2003
15	pretest	19	RBTh	next-word	0.1353
15	pretest	19	CPBTh	in-word	0.09989
15	pretest	19	CPBTh	next-word	0.1287
15	pretest	19	RPBTh	in-word	0.1827
15	pretest	19	RPBTh	next-word	0.183
15	pretest	19	STSTh	in-word	0.1347
15	pretest	19	STSTh	next-word	0.1627
15	pretest	29	CBTh	in-word	0.1649
15	pretest	29	CBTh	next-word	0.1517
15	pretest	29	RBTh	in-word	0.1958
15	pretest	29	RBTh	next-word	0.227
15	pretest	29	CPBTh	in-word	0.1659
15	pretest	29	CPBTh	next-word	0.1118
15	pretest	29	RPBTh	in-word	0.1556
15	pretest	29	RPBTh	next-word	0.1794
15	pretest	29	STSTh	in-word	0.1993
15	pretest	29	STSTh	next-word	0.1973
15	pretest	39	CBTh	in-word	0.2191
15	pretest	39	CBTh	next-word	0.1851
15	pretest	39	RBTh	in-word	0.2656
15	pretest	39	RBTh	next-word	0.2547
15	pretest	39	CPBTh	in-word	0.2021
15	pretest	39	CPBTh	next-word	0.1609
15	pretest	39	RPBTh	in-word	0.2366
15	pretest	39	RPBTh	next-word	0.2349
15	pretest	39	STSTh	in-word	0.2587
15	pretest	39	STSTh	next-word	0.2597
15	pretest	49	CBTh	in-word	0.2155
15	pretest	49	CBTh	next-word	0.2121
15	pretest	49	RBTh	in-word	0.3049
15	pretest	49	RBTh	next-word	0.2976
15	pretest	49	CPBTh	in-word	0.1765
15	pretest	49	CPBTh	next-word	0.1854
15	pretest	49	RPBTh	in-word	0.2991
15	pretest	49	RPBTh	next-word	0.2773
15	pretest	49	STSTh	in-word	0.2574
15	pretest	49	STSTh	next-word	0.2876
16	pretest	9	CBTh	in-word	0.03249
16	pretest	9	CBTh	next-word	0.07832
16	pretest	9	RBTh	in-word	0.09877
16	pretest	9	RBTh	next-word	0.1214
16	pretest	9	CPBTh	in-word	0.118
16	pretest	9	CPBTh	next-word	0.03827
16	pretest	9	RPBTh	in-word	0.1021
16	pretest	9	RPBTh	next-word	0.08695
16	pretest	9	STSTh	in-word	0.09025
16	pretest	9	STSTh	next-word	0.09186
16	pretest	19	CBTh	in-word	0.06831
16	pretest	19	CBTh	next-word	0.1078
16	pretest	19	RBTh	in-word	0.1738
16	pretest	19	RBTh	next-word	0.1364
16	pretest	19	CPBTh	in-word	0.08221
16	pretest	19	CPBTh	next-word	0.07845
16	pretest	19	RPBTh	in-word	0.1315
16	pretest	19	RPBTh	next-word	0.1453
16	pretest	19	STSTh	in-word	0.1362
16	pretest	19	STSTh	next-word	0.146
16	pretest	29	CBTh	in-word	0.102
16	pretest	29	CBTh	next-word	0.1326
16	pretest	29	RBTh	in-word	0.1918
16	pretest	29	RBTh	next-word	0.2221
16	pretest	29	CPBTh	in-word	0.09432
16	pretest	29	CPBTh	next-word	0.1483
16	pretest	29	RPBTh	in-word	0.2026
16	pretest	29	RPBTh	next-word	0.2357
16	pretest	29	STSTh	in-word	0.1582
16	pretest	29	STSTh	next-word	0.1956
16	pretest	39	CBTh	in-word	0.1344
16	pretest	39	CBTh	next-word	0.1693
16	pretest	39	RBTh	in-word	0.3013
16	pretest	39	RBTh	next-word	0.2884
16	pretest	39	CPBTh	in-word	0.08883
16	pretest	39	CPBTh	next-word	0.1566
16	pretest	39	RPBTh	in-word	0.2266
16	pretest	39	RPBTh	next-word	0.2825
16	pretest	39	STSTh	in-word	0.2244
16	pretest	39	STSTh	next-word	0.2521
16	pretest	49	CBTh	in-word	0.1619
16	pretest	49	CBTh	next-word	0.1939
16	pretest	49	RBTh	in-word	0.3068
16	pretest	49	RBTh	next-word	0.2909
16	pretest	49	CPBTh	in-word	0.09682
16	pretest	49	CPBTh	next-word	0.1377
16	pretest	49	RPBTh	in-word	0.2237
16	pretest	49	RPBTh	next-word	0.2433
16	pretest	49	STSTh	in-word	0.2239
16	pretest	49	STSTh	next-word	0.2369
17	pretest	9	CBTh	in-word	0.03167
17	pretest	9	CBTh	next-word	0.0606
17	pretest	9	RBTh	in-word	0.1325
17	pretest	9	RBTh	next-word	0.1389
17	pretest	9	CPBTh	in-word	0.1184
17	pretest	9	CPBTh	next-word	0.08131
17	pretest	9	RPBTh	in-word	0.09616
17	pretest	9	RPBTh	next-word	0.08659
17	pretest	9	STSTh	in-word	0.07872
17	pretest	9	STSTh	next-word	0.09503
17	pretest	19	CBTh	in-word	0.09115
17	pretest	19	CBTh	next-word	0.1064
17	pretest	19	RBTh	in-word	0.2053
17	pretest	19	RBTh	next-word	0.1487
17	pretest	19	CPBTh	in-word	0.1317
17	pretest	19	CPBTh	next-word	0.1059
17	pretest	19	RPBTh	in-word	0.2464
17	pretest	19	RPBTh	next-word	0.1632
17	pretest	19	STSTh	in-word	0.155
17	pretest	19	STSTh	next-word	0.1547
17	pretest	29	CBTh	in-word	0.1234
17	pretest	29	CBTh	next-word	0.1331
17	pretest	29	RBTh	in-word	0.2921
17	pretest	29	RBTh	next-word	0.2174
17	pretest	29	CPBTh	in-word	0.1182
17	pretest	29	CPBTh	next-word	0.1242
17	pretest	29	RPBTh	in-word	0.2416
17	pretest	29	RPBTh	next-word	0.2849
17	pretest	29	STSTh	in-word	0.2283
17	pretest	29	STSTh	next-word	0.2166
17	pretest	39	CBTh	in-word	0.2005
17	pretest	39	CBTh	next-word	0.227
17	pretest	39	RBTh	in-word	0.3345
17	pretest	39	RBTh	next-word	0.3052
17	pretest	39	CPBTh	in-word	0.2014
17	pretest	39	CPBTh	next-word	0.194
17	pretest	39	RPBTh	in-word	0.2841
17	pretest	39	RPBTh	next-word	0.2845
17	pretest	39	STSTh	in-word	0.2762
17	pretest	39	STSTh	next-word	0.2753
17	pretest	49	CBTh	in-word	0.2167
17	pretest	49	CBTh	next-word	0.1791
17	pretest	49	RBTh	in-word	0.3969
17	pretest	49	RBTh	next-word	0.3171
17	pretest	49	CPBTh	in-word	0.1989
17	pretest	49	CPBTh	next-word	0.1553
17	pretest	49	RPBTh	in-word	0.3591
17	pretest	49	RPBTh	next-word	0.2836
17	pretest	49	STSTh	in-word	0.3545
17	pretest	49	STSTh	next-word	0.2886
18	pretest	9	CBTh	in-word	0.07277
18	pretest	9	CBTh	next-word	0.08336
18	pretest	9	RBTh	in-word	0.1043
18	pretest	9	RBTh	next-word	0.1019
18	pretest	9	CPBTh	in-word	0.0778
18	pretest	9	CPBTh	next-word	0.05202
18	pretest	9	RPBTh	in-word	0.08004
18	pretest	9	RPBTh	next-word	0.1054
18	pretest	9	STSTh	in-word	0.1115
18	pretest	9	STSTh	next-word	0.1034
18	pretest	19	CBTh	in-word	0.0978
18	pretest	19	CBTh	next-word	0.09914
18	pretest	19	RBTh	in-word	0.2106
18	pretest	19	RBTh	next-word	0.1754
18	pretest	19	CPBTh	in-word	0.1349
18	pretest	19	CPBTh	next-word	0.09999
18	pretest	19	RPBTh	in-word	0.1903
18	pretest	19	RPBTh	next-word	0.1511
18	pretest	19	STSTh	in-word	0.1743
18	pretest	19	STSTh	next-word	0.1592
18	pretest	29	CBTh	in-word	0.161
18	pretest	29	CBTh	next-word	0.1628
18	pretest	29	RBTh	in-word	0.2346
18	pretest	29	RBTh	next-word	0.2399
18	pretest	29	CPBTh	in-word	0.1279
18	pretest	29	CPBTh	next-word	0.1092
18	pretest	29	RPBTh	in-word	0.2599
18	pretest	29	RPBTh	next-word	0.2124
18	pretest	29	STSTh	in-word	0.2378
18	pretest	29	STSTh	next-word	0.2117
18	pretest	39	CBTh	in-word	0.1561
18	pretest	39	CBTh	next-word	0.167
18	pretest	39	RBTh	in-word	0.2447
18	pretest	39	RBTh	next-word	0.2591
18	pretest	39	CPBTh	in-word	0.104
18	pretest	39	CPBTh	next-word	0.1274
18	pretest	39	RPBTh	in-word	0.2229
18	pretest	39	RPBTh	next-word	0.2189
18	pretest	39	STSTh	in-word	0.2002
18	pretest	39	STSTh	next-word	0.1905
18	pretest	49	CBTh	in-word	0.2031
18	pretest	49	CBTh	next-word	0.2393
18	pretest	49	RBTh	in-word	0.3115
18	pretest	49	RBTh	next-word	0.2938
18	pretest	49	CPBTh	in-word	0.2171
18	pretest	49	CPBTh	next-word	0.1758
18	pretest	49	RPBTh	in-word	0.2918
18	pretest	49	RPBTh	next-word	0.2906
18	pretest	49	STSTh	in-word	0.3256
18	pretest	49	STSTh	next-word	0.3187
19	pretest	9	CBTh	in-word	0.05857
19	pretest	9	CBTh	next-word	0.06576
19	pretest	9	RBTh	in-word	0.1285
19	pretest	9	RBTh	next-word	0.1004
19	pretest	9	CPBTh	in-word	0.08071
19	pretest	9	CPBTh	next-word	0.03134
19	pretest	9	RPBTh	in-word	0.1162
19	pretest	9	RPBTh	next-word	0.09552
19	pretest	9	STSTh	in-word	0.1372
19	pretest	9	STSTh	next-word	0.1263
19	pretest	19	CBTh	in-word	0.1091
19	pretest	19	CBTh	next-word	0.1366
19	pretest	19	RBTh	in-word	0.1855
19	pretest	19	RBTh	next-word	0.2283
19	pretest	19	CPBTh	in-word	0.154
19	pretest	19	CPBTh	next-word	0.08859
19	pretest	19	RPBTh	in-word	0.1574
19	pretest	19	RPBTh	next-word	0.2203
19	pretest	19	STSTh	in-word	0.1482
19	pretest	19	STSTh	next-word	0.1721
19	pretest	29	CBTh	in-word	0.1697
19	pretest	29	CBTh	next-word	0.1851
19	pretest	29	RBTh	in-word	0.2557
19	pretest	29	RBTh	next-word	0.2809
19	pretest	29	CPBTh	in-word	0.1212
19	pretest	29	CPBTh	next-word	0.1369
19	pretest	29	RPBTh	in-word	0.2419
19	pretest	29	RPBTh	next-word	0.2631
19	pretest	29	STSTh	in-word	0.2141
19	pretest	29	STSTh	next-word	0.2478
19	pretest	39	CBTh	in-word	0.153
19	pretest	39	CBTh	next-word	0.1445
19	pretest	39	RBTh	in-word	0.2988
19	pretest	39	RBTh	next-word	0.2948
19	pretest	39	CPBTh	in-word	0.1252
19	pretest	39	CPBTh	next-word	0.1315
19	pretest	39	RPBTh	in-word	0.2379
19	pretest	39	RPBTh	next-word	0.277
19	pretest	39	STSTh	in-word	0.2374
19	pretest	39	STSTh	next-word	0.2545
19	pretest	49	CBTh	in-word	0.1543
19	pretest	49	CBTh	next-word	0.1886
19	pretest	49	RBTh	in-word	0.2457
19	pretest	49	RBTh	next-word	0.2931
19	pretest	49	CPBTh	in-word	0.07477
19	pretest	49	CPBTh	next-word	0.1686
19	pretest	49	RPBTh	in-word	0.2106
19	pretest	49	RPBTh	next-word	0.2082
19	pretest	49	STSTh	in-word	0.2385
19	pretest	49	STSTh	next-word	0.2459
20	pretest	9	CBTh	in-word	0.07707
20	pretest	9	CBTh	next-word	0.09931
20	pretest	9	RBTh	in-word	0.08295
20	pretest	9	RBTh	next-word	0.1121
20	pretest	9	CPBTh	in-word	0.1151
20	pretest	9	CPBTh	next-word	0.07098
20	pretest	9	RPBTh	in-word	0.1273
20	pretest	9	RPBTh	next-word	0.1493
20	pretest	9	STSTh	in-word	0.1038
20	pretest	9	STSTh	next-word	0.102
20	pretest	19	CBTh	in-word	0.07678
20	pretest	19	CBTh	next-word	0.09641
20	pretest	19	RBTh	in-word	0.1772
20	pretest	19	RBTh	next-word	0.1549
20	pretest	19	CPBTh	in-word	0.09216
20	pretest	19	CPBTh	next-word	0.1068
20	pretest	19	RPBTh	in-word	0.1665
20	pretest	19	RPBTh	next-word	0.2083
20	pretest	19	STSTh	in-word	0.1358
20	pretest	19	STSTh	next-word	0.1397
20	pretest	29	CBTh	in-word	0.1191
20	pretest	29	CBTh	next-word	0.132
20	pretest	29	RBTh	in-word	0.2234
20	pretest	29	RBTh	next-word	0.2212
20	pretest	29	CPBTh	in-word	0.09795
20	pretest	29	CPBTh	next-word	0.1517
20	pretest	29	RPBTh	in-word	0.1868
20	pretest	29	RPBTh	next-word	0.1861
20	pretest	29	STSTh	in-word	0.1923
20	pretest	29	STSTh	next-word	0.1843
20	pretest	39	CBTh	in-word	0.1528
20	pretest	39	CBTh	next-word	0.1542
20	pretest	39	RBTh	in-word	0.2814
20	pretest	39	RBTh	next-word	0.2977
20	pretest	39	CPBTh	in-word	0.1584
20	pretest	39	CPBTh	next-word	0.1698
20	pretest	39	RPBTh	in-word	0.2682
20	pretest	39	RPBTh	next-word	0.249
20	pretest	39	STSTh	in-word	0.2601
20	pretest	39	STSTh	next-word	0.284
20	pretest	49	CBTh	in-word	0.1994
20	pretest	49	CBTh	next-word	0.2118
20	pretest	49	RBTh	in-word	0.3348
20	pretest	49	RBTh	next-word	0.3043
20	pretest	49	CPBTh	in-word	0.1411
20	pretest	49	CPBTh	next-word	0.1449
20	pretest	49	RPBTh	in-word	0.2418
20	pretest	49	RPBTh	next-word	0.2955
20	pretest	49	STSTh	in-word	0.2469
20	pretest	49	STSTh	next-word	0.2941
21	pretest	9	CBTh	in-word	0.07678
21	pretest	9	CBTh	next-word	0.06458
21	pretest	9	RBTh	in-word	0.09342
21	pretest	9	RBTh	next-word	0.1194
21	pretest	9	CPBTh	in-word	0.03731
21	pretest	9	CPBTh	next-word	0.04369
21	pretest	9	RPBTh	in-word	0.1303
21	pretest	9	RPBTh	next-word	0.1364
21	pretest	9	STSTh	in-word	0.1059
21	pretest	9	STSTh	next-word	0.08874
21	pretest	19	CBTh	in-word	0.06912
21	pretest	19	CBTh	next-word	0.09385
21	pretest	19	RBTh	in-word	0.1981
21	pretest	19	RBTh	next-word	0.1645
21	pretest	19	CPBTh	in-word	0.08626
21	pretest	19	CPBTh	next-word	0.05869
21	pretest	19	RPBTh	in-word	0.1585
21	pretest	19	RPBTh	next-word	0.1673
21	pretest	19	STSTh	in-word	0.1402
21	pretest	19	STSTh	next-word	0.1329
21	pretest	29	CBTh	in-word	0.1514
21	pretest	29	CBTh	next-word	0.1365
21	pretest	29	RBTh	in-word	0.2562
21	pretest	29	RBTh	next-word	0.2211
21	pretest	29	CPBTh	in-word	0.1105
21	pretest	29	CPBTh	next-word	0.07583
21	pretest	29	RPBTh	in-word	0.2509
21	pretest	29	RPBTh	next-word	0.1942
21	pretest	29	STSTh	in-word	0.2568
21	pretest	29	STSTh	next-word	0.1981
21	pretest	39	CBTh	in-word	0.1641
21	pretest	39	CBTh	next-word	0.1936
21	pretest	39	RBTh	in-word	0.3574
21	pretest	39	RBTh	next-word	0.2975
21	pretest	39	CPBTh	in-word	0.1771
21	pretest	39	CPBTh	next-word	0.1971
21	pretest	39	RPBTh	in-word	0.3193
21	pretest	39	RPBTh	next-word	0.2558
21	pretest	39	STSTh	in-word	0.3137
21	pretest	39	STSTh	next-word	0.2765
21	pretest	49	CBTh	in-word	0.2261
21	pretest	49	CBTh	next-word	0.2137
21	pretest	49	RBTh	in-word	0.3702
21	pretest	49	RBTh	next-word	0.3441
21	pretest	49	CPBTh	in-word	0.1486
21	pretest	49	CPBTh	next-word	0.1653
21	pretest	49	RPBTh	in-word	0.3295
21	pretest	49	RPBTh	next-word	0.3217
21	pretest	49	STSTh	in-word	0.3209
21	pretest	49	STSTh	next-word	0.3189
22	pretest	9	CBTh	in-word	0.06711
22	pretest	9	CBTh	next-word	0.09792
22	pretest	9	RBTh	in-word	0.1117
22	pretest	9	RBTh	next-word	0.08598
22	pretest	9	CPBTh	in-word	0.1214
22	pretest	9	CPBTh	next-word	0.1053
22	pretest	9	RPBTh	in-word	0.09918
22	pretest	9	RPBTh	next-word	0.05803
22	pretest	9	STSTh	in-word	0.08269
22	pretest	9	STSTh	next-word	0.1091
22	pretest	19	CBTh	in-word	0.0675
22	pretest	19	CBTh	next-word	0.1302
22	pretest	19	RBTh	in-word	0.1756
22	pretest	19	RBTh	next-word	0.1516
22	pretest	19	CPBTh	in-word	0.1057
22	pretest	19	CPBTh	next-word	0.1246
22	pretest	19	RPBTh	in-word	0.1854
22	pretest	19	RPBTh	next-word	0.1887
22	pretest	19	STSTh	in-word	0.1551
22	pretest	19	STSTh	next-word	0.1645
22	pretest	29	CBTh	in-word	0.1218
22	pretest	29	CBTh	next-word	0.1884
22	pretest	29	RBTh	in-word	0.1698
22	pretest	29	RBTh	next-word	0.1877
22	pretest	29	CPBTh	in-word	0.1227
22	pretest	29	CPBTh	next-word	0.1834
22	pretest	29	RPBTh	in-word	0.2173
22	pretest	29	RPBTh	next-word	0.1869
22	pretest	29	STSTh	in-word	0.1909
22	pretest	29	STSTh	next-word	0.2104
22	pretest	39	CBTh	in-word	0.1544
22	pretest	39	CBTh	next-word	0.1941
22	pretest	39	RBTh	in-word	0.2339
22	pretest	39	RBTh	next-word	0.2192
22	pretest	39	CPBTh	in-word	0.1227
22	pretest	39	CPBTh	next-word	0.1492
22	pretest	39	RPBTh	in-word	0.2151
22	pretest	39	RPBTh	next-word	0.2226
22	pretest	39	STSTh	in-word	0.2536
22	pretest	39	STSTh	next-word	0.2698
22	pretest	49	CBTh	in-word	0.2023
22	pretest	49	CBTh	next-word	0.2269
22	pretest	49	RBTh	in-word	0.3102
22	pretest	49	RBTh	next-word	0.3184
22	pretest	49	CPBTh	in-word	0.2156
22	pretest	49	CPBTh	next-word	0.2056
22	pretest	49	RPBTh	in-word	0.3215
22	pretest	49	RPBTh	next-word	0.3213
22	pretest	49	STSTh	in-word	0.3364
22	pretest	49	STSTh	next-word	0.3447
23	pretest	9	CBTh	in-word	0.07073
23	pretest	9	CBTh	next-word	0.05794
23	pretest	9	RBTh	in-word	0.1239
23	pretest	9	RBTh	next-word	0.09647
23	pretest	9	CPBTh	in-word	0.07331
23	pretest	9	CPBTh	next-word	0.06011
23	pretest	9	RPBTh	in-word	0.1218
23	pretest	9	RPBTh	next-word	0.1147
23	pretest	9	STSTh	in-word	0.07286
23	pretest	9	STSTh	next-word	0.1019
23	pretest	19	CBTh	in-word	0.08704
23	pretest	19	CBTh	next-word	0.1324
23	pretest	19	RBTh	in-word	0.1891
23	pretest	19	RBTh	next-word	0.155
23	pretest	19	CPBTh	in-word	0.1141
23	pretest	19	CPBTh	next-word	0.08708
23	pretest	19	RPBTh	in-word	0.1962
23	pretest	19	RPBTh	next-word	0.2142
23	pretest	19	STSTh	in-word	0.1374
23	pretest	19	STSTh	next-word	0.163
23	pretest	29	CBTh	in-word	0.1069
23	pretest	29	CBTh	next-word	0.1278
23	pretest	29	RBTh	in-word	0.1525
23	pretest	29	RBTh	next-word	0.1861
23	pretest	29	CPBTh	in-word	0.08042
23	pretest	29	CPBTh	next-word	0.08155
23	pretest	29	RPBTh	in-word	0.1585
23	pretest	29	RPBTh	next-word	0.1551
23	pretest	29	STSTh	in-word	0.1724
23	pretest	29	STSTh	next-word	0.1472
23	pretest	39	CBTh	in-word	0.1715
23	pretest	39	CBTh	next-word	0.1805
23	pretest	39	RBTh	in-word	0.2543
23	pretest	39	RBTh	next-word	0.2232
23	pretest	39	CPBTh	in-word	0.1414
23	pretest	39	CPBTh	next-word	0.1225
23	pretest	39	RPBTh	in-word	0.1799
23	pretest	39	RPBTh	next-word	0.213
23	pretest	39	STSTh	in-word	0.2453
23	pretest	39	STSTh	next-word	0.2226
23	pretest	49	CBTh	in-word	0.1277
23	pretest	49	CBTh	next-word	0.1669
23	pretest	49	RBTh	in-word	0.2891
23	pretest	49	RBTh	next-word	0.2501
23	pretest	49	CPBTh	in-word	0.1394
23	pretest	49	CPBTh	next-word	0.1296
23	pretest	49	RPBTh	in-word	0.2312
23	pretest	49	RPBTh	next-word	0.2387
23	pretest	49	STSTh	in-word	0.2571
23	pretest	49	STSTh	next-word	0.2306
24	pretest	9	CBTh	in-word	0.05649
24	pretest	9	CBTh	next-word	0.1085
24	pretest	9	RBTh	in-word	0.1845
24	pretest	9	RBTh	next-word	0.1279
24	pretest	9	CPBTh	in-word	0.0995
24	pretest	9	CPBTh	next-word	0.08876
24	pretest	9	RPBTh	in-word	0.1118
24	pretest	9	RPBTh	next-word	0.1267
24	pretest	9	STSTh	in-word	0.145
24	pretest	9	STSTh	next-word	0.1182
24	pretest	19	CBTh	in-word	0.1105
24	pretest	19	CBTh	next-word	0.1538
24	pretest	19	RBTh	in-word	0.1878
24	pretest	19	RBTh	next-word	0.1848
24	pretest	19	CPBTh	in-word	0.09533
24	pretest	19	CPBTh	next-word	0.1124
24	pretest	19	RPBTh	in-word	0.1924
24	pretest	19	RPBTh	next-word	0.1717
24	pretest	19	STSTh	in-word	0.2116
24	pretest	19	STSTh	next-word	0.145
24	pretest	29	CBTh	in-word	0.1447
24	pretest	29	CBTh	next-word	0.1457
24	pretest	29	RBTh	in-word	0.2504
24	pretest	29	RBTh	next-word	0.2014
24	pretest	29	CPBTh	in-word	0.1689
24	pretest	29	CPBTh	next-word	0.1784
24	pretest	29	RPBTh	in-word	0.2251
24	pretest	29	RPBTh	next-word	0.259
24	pretest	29	STSTh	in-word	0.2636
24	pretest	29	STSTh	next-word	0.2331
24	pretest	39	CBTh	in-word	0.179
24	pretest	39	CBTh	next-word	0.1671
24	pretest	39	RBTh	in-word	0.2964
24	pretest	39	RBTh	next-word	0.261
24	pretest	39	CPBTh	in-word	0.1855
24	pretest	39	CPBTh	next-word	0.1857
24	pretest	39	RPBTh	in-word	0.2436
24	pretest	39	RPBTh	next-word	0.2248
24	pretest	39	STSTh	in-word	0.3162
24	pretest	39	STSTh	next-word	0.2109
24	pretest	49	CBTh	in-word	0.1951
24	pretest	49	CBTh	next-word	0.1686
24	pretest	49	RBTh	in-word	0.3358
24	pretest	49	RBTh	next-word	0.2744
24	pretest	49	CPBTh	in-word	0.1565
24	pretest	49	CPBTh	next-word	0.1499
24	pretest	49	RPBTh	in-word	0.2405
24	pretest	49	RPBTh	next-word	0.2342
24	pretest	49	STSTh	in-word	0.2785
24	pretest	49	STSTh	next-word	0.225
0	pretest	9	CBTh	in-word	0.02129
0	pretest	9	CBTh	next-word	0.05107
0	pretest	9	RBTh	in-word	0.05346
0	pretest	9	RBTh	next-word	0.09329
0	pretest	9	CPBTh	in-word	0.04499
0	pretest	9	CPBTh	next-word	0.06339
0	pretest	9	RPBTh	in-word	0.1014
0	pretest	9	RPBTh	next-word	0.06497
0	pretest	9	STSTh	in-word	0.0795
0	pretest	9	STSTh	next-word	0.07674
0	pretest	19	CBTh	in-word	0.1098
0	pretest	19	CBTh	next-word	0.06197
0	pretest	19	RBTh	in-word	0.1334
0	pretest	19	RBTh	next-word	0.1806
0	pretest	19	CPBTh	in-word	0.1125
0	pretest	19	CPBTh	next-word	0.09003
0	pretest	19	RPBTh	in-word	0.1402
0	pretest	19	RPBTh	next-word	0.1821
0	pretest	19	STSTh	in-word	0.1209
0	pretest	19	STSTh	next-word	0.1546
0	pretest	29	CBTh	in-word	0.1563
0	pretest	29	CBTh	next-word	0.1523
0	pretest	29	RBTh	in-word	0.247
0	pretest	29	RBTh	next-word	0.2386
0	pretest	29	CPBTh	in-word	0.1834
0	pretest	29	CPBTh	next-word	0.1642
0	pretest	29	RPBTh	in-word	0.2712
0	pretest	29	RPBTh	next-word	0.184
0	pretest	29	STSTh	in-word	0.2394
0	pretest	29	STSTh	next-word	0.2333
0	pretest	39	CBTh	in-word	0.1387
0	pretest	39	CBTh	next-word	0.1784
0	pretest	39	RBTh	in-word	0.2464
0	pretest	39	RBTh	next-word	0.235
0	pretest	39	CPBTh	in-word	0.1347
0	pretest	39	CPBTh	next-word	0.1398
0	pretest	39	RPBTh	in-word	0.2683
0	pretest	39	RPBTh	next-word	0.2336
0	pretest	39	STSTh	in-word	0.2629
0	pretest	39	STSTh	next-word	0.213
0	pretest	49	CBTh	in-word	0.1709
0	pretest	49	CBTh	next-word	0.2099
0	pretest	49	RBTh	in-word	0.2448
0	pretest	49	RBTh	next-word	0.2534
0	pretest	49	CPBTh	in-word	0.2063
0	pretest	49	CPBTh	next-word	0.1743
0	pretest	49	RPBTh	in-word	0.2753
0	pretest	49	RPBTh	next-word	0.2549
0	pretest	49	STSTh	in-word	0.3092
0	pretest	49	STSTh	next-word	0.2668
